customer_id,원본 구매금액,원본 기준 고객군,조정 구매금액,조정 기준 고객군
14646,13925.92,VIP,3797.2400000000007,VIP
14911,7182.97,VIP,5786.89,VIP
18102,5122.69,VIP,524.4750000000001,VIP
16684,3380.94,VIP,501.6600000000001,VIP
17511,3305.86,VIP,1200.67,VIP
15311,3057.21,VIP,1441.0200000000002,VIP
14096,2921.33,VIP,2390.96,VIP
14298,2471.25,VIP,2069.4700000000003,VIP
13694,2461.8,VIP,797.1350000000001,VIP
15838,2279.6,VIP,193.12500000000003,VIP
14088,2248.95,VIP,980.4000000000001,VIP
15061,2175.5,VIP,491.9550000000001,VIP
17389,2091.3599999999997,VIP,401.98500000000007,VIP
13089,1939.97,VIP,1545.3700000000001,VIP
17841,1935.59,VIP,1767.99,VIP
13408,1927.52,VIP,1006.9100000000002,VIP
12748,1778.34,VIP,1464.4950000000001,VIP
13798,1744.92,VIP,510.1250000000001,VIP
12471,1446.6,VIP,797.8750000000001,VIP
15159,1221.41,VIP,879.6600000000001,VIP
15856,1151.8500000000001,VIP,714.0850000000002,VIP
16422,1132.49,VIP,520.2,VIP
12753,1113.36,VIP,421.6650000000001,VIP
13081,1107.23,VIP,981.9300000000001,VIP
16013,1081.2,VIP,154.50000000000003,VIP
13098,1069.4,VIP,567.585,VIP
13881,1031.1,VIP,327.07500000000005,VIP
15482,881.4000000000001,VIP,267.75000000000006,VIP
14607,881.0,VIP,193.12500000000003,VIP
12621,847.03,VIP,605.695,VIP
13777,812.56,VIP,386.25000000000006,VIP
15498,807.5500000000001,VIP,688.1,VIP
12901,798.51,VIP,170.91000000000003,VIP
12477,731.0,VIP,533.9000000000001,VIP
14194,716.4399999999999,VIP,643.09,VIP
12681,678.69,VIP,614.565,VIP
16133,670.98,VIP,353.62500000000006,VIP
17675,663.69,VIP,619.39,VIP
16923,655.3,VIP,451.925,VIP
14667,652.88,VIP,476.70000000000005,VIP
13102,643.66,VIP,422.35,VIP
15039,631.19,VIP,607.04,VIP
13488,615.6999999999999,VIP,466.375,VIP
14895,612.36,VIP,546.8100000000001,VIP
14733,600.21,VIP,383.1600000000001,VIP
13199,566.6800000000001,VIP,303.55000000000007,VIP
14769,561.18,VIP,552.105,VIP
15615,560.66,VIP,452.93500000000006,VIP
12682,553.88,VIP,405.29,VIP
13078,547.03,VIP,390.745,VIP
18109,544.96,VIP,374.66,VIP
16523,530.6,VIP,408.75000000000006,VIP
17139,526.0,VIP,458.875,VIP
16839,514.8000000000001,VIP,287.70000000000005,VIP
12709,513.8,VIP,263.675,VIP
18198,505.52000000000004,VIP,281.555,VIP
12567,501.7,VIP,486.325,VIP
12433,496.67,VIP,410.57000000000005,VIP
15078,494.41,VIP,491.435,VIP
12921,487.63,VIP,461.545,VIP
15290,484.41999999999996,VIP,346.37500000000006,VIP
12540,482.96999999999997,VIP,417.64500000000004,VIP
14796,474.79,VIP,431.44,VIP
13767,462.70000000000005,VIP,279.175,VIP
14606,448.45,VIP,448.45,VIP
13090,447.84000000000003,VIP,168.01500000000001,VIP
13985,443.6,VIP,440.625,VIP
12955,443.3,VIP,427.65,VIP
13319,442.63,VIP,431.45500000000004,VIP
15093,429.32,VIP,235.86500000000004,VIP
15640,427.5,VIP,404.95000000000005,VIP
14527,414.15,VIP,414.15,VIP
13969,412.31,VIP,412.31,VIP
18118,411.48,VIP,378.105,VIP
14189,409.9,VIP,372.205,VIP
15382,394.32,VIP,363.195,VIP
12451,390.45,VIP,326.27500000000003,VIP
12839,388.8,VIP,377.425,VIP
12720,386.88,VIP,371.505,VIP
14390,385.39,VIP,255.55,VIP
15194,375.4,VIP,358.475,VIP
15738,374.1,VIP,235.50000000000003,VIP
12747,373.04999999999995,VIP,174.9,VIP
12766,366.95000000000005,VIP,357.875,VIP
17811,359.98,VIP,330.18,VIP
14849,359.3,VIP,327.125,VIP
16033,346.73,VIP,334.505,VIP
15044,345.13,VIP,342.45500000000004,VIP
13599,344.88,VIP,322.53000000000003,VIP
14367,333.46,VIP,331.285,VIP
12841,331.07,VIP,310.295,VIP
16161,324.75,VIP,312.90000000000003,VIP
17017,321.98,VIP,244.395,VIP
13448,320.43,VIP,278.88,VIP
13004,320.15,VIP,319.025,VIP
15555,316.43,VIP,316.43,VIP
13263,314.99,VIP,314.99,VIP
17315,307.32,VIP,303.445,VIP
12684,303.28,VIP,238.555,VIP
15023,302.32,VIP,301.145,VIP
12668,300.88,VIP,195.505,VIP
17975,300.01,VIP,181.06,VIP
16558,297.94,VIP,297.94,VIP
14534,297.7,VIP,273.925,VIP
12444,296.82,VIP,241.89500000000004,VIP
13871,290.18,VIP,281.105,VIP
16873,289.25,VIP,287.3,VIP
17613,287.37,VIP,277.12,VIP
12490,286.5,VIP,283.52500000000003,VIP
13198,285.89,VIP,284.565,VIP
13668,284.25,VIP,232.87500000000003,VIP
17049,281.93,VIP,249.75500000000002,VIP
14562,280.45,VIP,239.175,VIP
17419,280.05,VIP,244.8,VIP
13269,279.79,VIP,214.48000000000002,VIP
16985,279.2,VIP,195.47500000000002,VIP
14291,276.52000000000004,VIP,276.52000000000004,VIP
17001,274.2,VIP,266.875,VIP
14688,273.13,VIP,262.255,VIP
12971,273.0,VIP,221.175,VIP
16746,272.61,VIP,272.61,VIP
15358,272.26,VIP,272.26,VIP
14415,272.06,VIP,272.06,VIP
12700,269.37,VIP,268.395,VIP
18139,269.15999999999997,VIP,184.41000000000003,VIP
18210,267.85,VIP,266.875,VIP
13018,267.06,VIP,267.06,VIP
12705,266.7,VIP,255.82500000000002,VIP
16700,265.41,VIP,265.41,VIP
17338,263.46,VIP,263.46,VIP
17602,263.24,VIP,262.265,VIP
17173,260.1,VIP,205.72500000000002,VIP
17644,258.84000000000003,VIP,254.89000000000001,VIP
16818,258.2,VIP,246.425,VIP
16549,258.03,VIP,258.03,VIP
18225,257.11,VIP,256.735,VIP
17528,252.18,VIP,207.60500000000002,VIP
14191,250.72,VIP,250.72,VIP
13458,247.62,VIP,247.62,VIP
18229,244.0,VIP,244.0,VIP
16609,241.8,VIP,238.82500000000002,VIP
16145,235.81,VIP,235.81,VIP
14735,235.26,VIP,199.29000000000002,VIP
17716,235.05,VIP,171.675,VIP
17243,232.8,VIP,232.8,VIP
14525,231.96,VIP,208.89000000000001,VIP
15150,231.66,VIP,231.66,VIP
15005,231.36,VIP,231.36,VIP
13468,230.79999999999998,VIP,229.625,VIP
14572,230.20999999999998,VIP,166.835,VIP
13137,229.65,VIP,229.65,VIP
14755,229.01,VIP,229.01,VIP
14056,228.54,VIP,228.54,VIP
15854,225.84,VIP,184.09000000000003,VIP
12583,225.6,VIP,208.05,VIP
18077,223.85,VIP,223.85,VIP
12569,223.76,VIP,183.185,VIP
13680,222.4,VIP,131.65,VIP
12670,221.82,VIP,173.55,VIP
16210,221.68,VIP,120.61000000000001,VIP
15465,220.64999999999998,VIP,125.10000000000002,VIP
13709,218.16,VIP,215.085,VIP
12476,215.76000000000002,VIP,183.585,VIP
13139,215.04000000000002,VIP,191.265,VIP
17490,213.45,VIP,111.9,VIP
16931,210.63,VIP,210.63,VIP
16626,209.34,VIP,168.76500000000001,VIP
17365,207.19,VIP,207.19,VIP
12662,206.12,VIP,206.12,VIP
17686,205.9,VIP,162.925,VIP
16592,205.16,VIP,197.885,VIP
16379,204.6,VIP,203.625,VIP
18145,204.43,VIP,204.43,VIP
13880,204.1,VIP,204.1,VIP
17730,201.84,VIP,199.665,VIP
18223,201.34,VIP,201.34,VIP
12757,201.22,VIP,190.345,VIP
13050,200.64000000000001,VIP,200.64000000000001,VIP
12362,200.3,VIP,200.3,VIP
14180,198.15,VIP,198.15,VIP
16678,195.7,VIP,195.325,VIP
14702,194.2,VIP,194.2,VIP
15547,194.03,VIP,194.03,VIP
14503,193.78,VIP,181.405,VIP
13988,193.07,VIP,179.675,VIP
14408,192.24,VIP,130.77,VIP
13230,191.70999999999998,VIP,184.21,VIP
12683,190.36,VIP,190.36,VIP
16186,188.01,VIP,188.01,VIP
17576,187.7,VIP,187.7,VIP
14146,187.26,VIP,187.26,VIP
17659,186.99,VIP,186.99,VIP
12347,186.20000000000002,VIP,177.425,VIP
12598,183.34,VIP,182.365,VIP
17757,183.1,VIP,183.1,VIP
14397,181.36,VIP,168.61,VIP
17364,181.3,VIP,181.3,VIP
17611,180.51,VIP,180.51,VIP
14546,177.88,VIP,177.88,VIP
14395,175.95,VIP,175.95,VIP
14502,172.77,VIP,172.77,VIP
12957,172.49,VIP,172.49,VIP
14711,169.91,VIP,123.53500000000001,VIP
14159,167.98,VIP,167.98,VIP
16713,167.9,VIP,155.525,VIP
14085,167.39,VIP,167.39,VIP
16011,166.95000000000002,VIP,166.95000000000002,VIP
17228,165.34,VIP,165.34,VIP
15984,165.2,VIP,161.82500000000002,VIP
17238,165.19,VIP,165.19,VIP
15527,165.16,VIP,126.31000000000002,VIP
14505,164.94,VIP,164.94,VIP
16905,164.20999999999998,VIP,80.435,VIP
13758,163.26,VIP,160.28500000000003,VIP
14209,162.75,VIP,119.775,VIP
15687,161.5,VIP,161.5,VIP
16670,161.15,VIP,161.15,VIP
14659,160.94,VIP,160.94,VIP
15529,160.61,VIP,160.61,VIP
17655,160.38,VIP,110.205,VIP
12449,160.28,VIP,160.28,VIP
17554,159.18,VIP,136.63,VIP
14422,157.58,VIP,157.58,VIP
15750,156.12,VIP,156.12,VIP
18272,156.1,VIP,156.1,VIP
17346,156.04,VIP,156.04,VIP
17758,154.78,VIP,154.78,VIP
16979,152.27,VIP,120.09500000000001,VIP
15544,151.6,VIP,151.6,VIP
16401,151.2,VIP,150.225,VIP
14741,151.05,VIP,115.42500000000001,VIP
14132,150.84,VIP,150.84,VIP
13999,149.5,VIP,149.5,VIP
15867,149.46,VIP,149.46,VIP
15443,149.07,VIP,142.69500000000002,VIP
13808,148.56,VIP,142.185,VIP
13021,148.43,VIP,127.155,VIP
13862,148.08,VIP,148.08,VIP
12584,147.25,VIP,147.25,VIP
15394,146.1,VIP,119.025,VIP
16326,145.15,VIP,112.97500000000001,VIP
16712,143.03,VIP,143.03,VIP
15993,142.57,VIP,142.57,VIP
17920,142.49,VIP,142.49,VIP
18041,142.0,VIP,142.0,VIP
13882,141.17,VIP,119.94500000000001,VIP
14903,140.45,VIP,140.45,VIP
13536,140.32,VIP,109.345,VIP
17449,140.03,VIP,140.03,VIP
16327,138.97,VIP,138.97,VIP
16904,136.7,VIP,136.7,VIP
17593,135.72,VIP,114.345,VIP
16156,134.82,VIP,134.82,VIP
14595,134.49,VIP,134.49,VIP
12437,133.60000000000002,VIP,133.60000000000002,VIP
17744,132.96,VIP,130.785,VIP
18122,131.96,VIP,130.635,VIP
17231,131.07,VIP,131.07,VIP
15351,130.6,VIP,118.825,VIP
18044,130.16,VIP,130.16,VIP
13268,128.41,VIP,128.41,VIP
15152,128.15,VIP,128.15,VIP
14963,127.5,VIP,116.125,VIP
16393,123.05,VIP,123.05,VIP
14456,122.99000000000001,VIP,122.99000000000001,VIP
17651,121.65,VIP,121.65,VIP
14547,121.05000000000001,VIP,121.05000000000001,VIP
15271,120.71,VIP,120.71,VIP
17451,119.14,VIP,119.14,VIP
17530,118.14999999999999,VIP,118.14999999999999,VIP
15861,118.11,VIP,118.11,VIP
12714,116.47999999999999,VIP,116.47999999999999,VIP
16474,113.96000000000001,VIP,113.96000000000001,VIP
17858,113.95,VIP,113.95,VIP
18241,113.7,VIP,113.7,VIP
13769,113.6,VIP,113.6,VIP
15033,112.68,VIP,112.68,VIP
15845,112.44,VIP,112.44,VIP
14282,111.18,VIP,108.20500000000001,VIP
16458,110.5,VIP,110.5,VIP
13742,110.49000000000001,VIP,110.49000000000001,VIP
15628,108.96000000000001,VIP,108.96000000000001,VIP
17218,107.25,VIP,107.25,VIP
16360,106.0,VIP,106.0,VIP
15906,105.76,VIP,105.76,VIP
14032,105.33999999999999,VIP,105.33999999999999,VIP
14156,5700.02,VIP,1624.2000000000003,VIP
15769,5161.78,VIP,502.1250000000001,VIP
12415,3638.15,VIP,907.3400000000001,VIP
12678,1085.56,VIP,283.975,VIP
17107,1041.1299999999999,VIP,589.3050000000001,VIP
14051,924.9,VIP,225.82500000000005,VIP
17404,884.7,VIP,207.02500000000003,VIP
12731,778.4399999999999,VIP,451.6500000000001,VIP
16672,744.96,VIP,309.00000000000006,VIP
17677,733.3,VIP,282.8,VIP
15513,703.5500000000001,VIP,299.175,VIP
14258,616.54,VIP,231.75000000000006,VIP
16843,610.04,VIP,531.62,VIP
17428,544.3,VIP,252.97500000000002,VIP
14031,530.86,VIP,278.56000000000006,VIP
13340,513.12,VIP,274.51500000000004,VIP
16652,483.78,VIP,281.92500000000007,VIP
16705,478.28,VIP,307.44500000000005,VIP
17402,475.25,VIP,161.9,VIP
15197,449.70000000000005,VIP,68.92500000000001,VIP
12553,418.1,VIP,345.75,VIP
15144,416.4,VIP,363.85,VIP
14608,403.8,VIP,97.05000000000001,VIP
17340,399.64,VIP,367.46500000000003,VIP
16814,396.84000000000003,VIP,301.315,VIP
12626,379.76,VIP,289.41,VIP
17581,374.90000000000003,VIP,322.77500000000003,VIP
14401,364.8,VIP,268.27500000000003,VIP
16019,349.2,VIP,200.25,VIP
17509,347.4,VIP,347.4,VIP
13097,346.51,VIP,334.135,VIP
17735,329.90000000000003,VIP,329.90000000000003,VIP
15601,312.55,VIP,312.55,VIP
12472,311.98,VIP,242.60500000000002,VIP
14655,311.15000000000003,VIP,141.07500000000002,VIP
12474,310.78,VIP,310.78,VIP
15484,310.47,VIP,236.66500000000002,VIP
17865,307.58,VIP,285.005,VIP
12744,306.42,VIP,257.69500000000005,VIP
17416,298.72,VIP,228.97000000000003,VIP
13576,298.7,VIP,111.35000000000001,VIP
18226,292.95,VIP,249.40000000000003,VIP
13178,288.85,VIP,277.975,VIP
13534,287.15,VIP,287.15,VIP
12657,284.32,VIP,162.07,VIP
13520,282.5,VIP,119.75000000000001,VIP
14329,279.96000000000004,VIP,278.685,VIP
16729,277.81,VIP,277.81,VIP
14626,277.09999999999997,VIP,140.525,VIP
15249,269.18,VIP,269.18,VIP
17719,264.42,VIP,251.67000000000002,VIP
13267,261.53,VIP,252.455,VIP
15570,256.75,VIP,256.75,VIP
13381,256.6,VIP,235.22500000000002,VIP
17377,256.43,VIP,225.18,VIP
15113,254.28,VIP,175.05,VIP
14057,253.88,VIP,240.90500000000003,VIP
17652,252.05,VIP,252.05,VIP
16187,246.28,VIP,233.905,VIP
17690,244.71,VIP,242.01000000000002,VIP
16841,242.0,VIP,152.65,VIP
16722,235.99,VIP,235.99,VIP
15719,234.85,VIP,234.85,VIP
18055,229.71,VIP,229.71,VIP
17068,224.5,VIP,224.5,VIP
13437,223.86,VIP,191.685,VIP
13418,223.41,VIP,223.41,VIP
15676,221.12,VIP,196.145,VIP
12484,216.05,VIP,216.05,VIP
14049,209.65,VIP,209.65,VIP
13209,205.57,VIP,205.57,VIP
16128,201.4,VIP,148.45000000000002,VIP
15622,201.0,VIP,201.0,VIP
13982,200.28,VIP,179.505,VIP
16686,198.76999999999998,VIP,198.76999999999998,VIP
12749,197.8,VIP,195.65,VIP
14776,196.98,VIP,175.60500000000002,VIP
14800,194.64000000000001,VIP,194.26500000000001,VIP
13285,194.28,VIP,194.28,VIP
14554,194.17000000000002,VIP,194.17000000000002,VIP
12438,193.56,VIP,112.185,VIP
16607,193.53,VIP,182.655,VIP
16570,192.4,VIP,171.32500000000002,VIP
16655,191.75,VIP,170.575,VIP
17728,191.14,VIP,191.14,VIP
13183,188.85000000000002,VIP,94.275,VIP
12594,188.2,VIP,140.905,VIP
17567,186.56,VIP,148.985,VIP
13013,186.43,VIP,174.055,VIP
16954,185.10000000000002,VIP,82.125,VIP
15521,184.79999999999998,VIP,183.825,VIP
14251,184.74,VIP,121.36500000000001,VIP
17700,183.37,VIP,140.395,VIP
14639,178.2,VIP,178.2,VIP
12480,175.82,VIP,175.82,VIP
17924,173.88,VIP,77.25000000000001,VIP
13523,173.0,VIP,131.45000000000002,VIP
14530,172.81,VIP,144.235,VIP
12726,171.78,VIP,171.78,VIP
16070,167.8,VIP,98.05000000000001,VIP
14112,164.6,VIP,164.6,VIP
13735,163.75,VIP,139.0,VIP
16779,163.1,VIP,163.1,VIP
12867,162.79,VIP,162.79,VIP
13481,161.9,VIP,159.725,VIP
16945,161.78,VIP,161.78,VIP
17596,161.04,VIP,157.905,VIP
14092,159.0,VIP,159.0,VIP
16717,157.57,VIP,157.57,VIP
12877,156.66,VIP,116.08500000000001,VIP
15114,156.26,VIP,156.26,VIP
17314,155.54,VIP,155.54,VIP
12388,154.55,VIP,126.275,VIP
12685,152.81,VIP,146.435,VIP
12406,152.26,VIP,126.75000000000001,VIP
14944,150.2,VIP,138.425,VIP
14912,150.0,VIP,125.25000000000001,VIP
17768,149.5,VIP,109.25000000000001,VIP
13435,149.12,VIP,68.94500000000001,VIP
15365,148.35,VIP,148.35,VIP
14250,147.72,VIP,147.72,VIP
14239,147.3,VIP,147.3,VIP
13174,146.93,VIP,139.315,VIP
17220,146.01,VIP,146.01,VIP
12417,145.6,VIP,145.6,VIP
17213,145.5,VIP,145.5,VIP
15123,145.12,VIP,145.12,VIP
15227,144.99,VIP,144.99,VIP
14907,144.95000000000002,VIP,139.025,VIP
18075,143.95000000000002,VIP,143.95000000000002,VIP
17059,142.81,VIP,142.81,VIP
12712,142.65,VIP,127.275,VIP
15034,142.19,VIP,142.19,VIP
13148,142.18,VIP,142.18,VIP
14277,141.95,VIP,141.95,VIP
14113,140.4,VIP,77.025,VIP
14931,138.75,VIP,78.375,VIP
14232,137.15,VIP,137.15,VIP
15494,136.91,VIP,116.135,VIP
17463,135.41,VIP,135.41,VIP
15605,134.5,VIP,122.72500000000001,VIP
17088,134.35,VIP,134.35,VIP
15805,134.05,VIP,134.05,VIP
17663,133.5,VIP,133.5,VIP
12937,133.3,VIP,110.72500000000001,VIP
17034,132.89999999999998,VIP,93.75000000000001,VIP
16376,132.57999999999998,VIP,64.10500000000002,VIP
12517,132.57,VIP,132.57,VIP
14075,131.44,VIP,122.36500000000001,VIP
13451,130.88,VIP,130.88,VIP
12906,130.20000000000002,VIP,98.025,VIP
13426,128.84,VIP,84.065,VIP
18172,128.3,VIP,117.00500000000001,VIP
14898,125.49,VIP,83.47500000000001,VIP
15129,124.89,VIP,118.51500000000001,VIP
16880,124.68,VIP,123.555,VIP
15955,124.28,VIP,124.28,VIP
13047,123.60000000000001,VIP,123.60000000000001,VIP
15502,123.17999999999999,VIP,115.00500000000001,VIP
16358,123.16,VIP,111.86500000000001,VIP
12488,122.75,VIP,119.90000000000002,VIP
18069,122.37,VIP,122.37,VIP
15356,122.34,VIP,122.34,VIP
15058,122.04,VIP,122.04,VIP
15444,119.99000000000001,VIP,119.99000000000001,VIP
13471,119.55,VIP,119.55,VIP
17790,119.22,VIP,99.84500000000001,VIP
12578,117.80000000000001,VIP,117.80000000000001,VIP
13924,116.82000000000001,VIP,116.82000000000001,VIP
15752,116.52,VIP,116.52,VIP
16762,114.55,VIP,114.55,VIP
15811,113.4,VIP,113.4,VIP
17965,113.34,VIP,113.34,VIP
13394,112.96000000000001,VIP,112.96000000000001,VIP
15932,112.74000000000001,VIP,70.36500000000001,VIP
15903,112.08,VIP,48.705000000000005,VIP
15998,112.08,VIP,112.08,VIP
17621,112.08,VIP,48.705000000000005,VIP
13627,111.94,VIP,111.94,VIP
15696,111.91,VIP,111.91,VIP
17491,111.69,VIP,111.69,VIP
13644,111.62,VIP,111.62,VIP
14493,111.45,VIP,111.45,VIP
17164,111.17999999999999,VIP,111.17999999999999,VIP
13384,110.36,VIP,110.36,VIP
13632,109.81,VIP,109.81,VIP
13527,109.37,VIP,109.37,VIP
13149,107.64,VIP,104.565,VIP
15654,106.92,VIP,69.22500000000001,VIP
15505,106.86,VIP,77.98500000000001,VIP
17159,106.76,VIP,103.78500000000001,VIP
16539,106.5,VIP,74.32500000000002,VIP
15948,106.2,VIP,106.2,VIP
13323,106.10000000000001,VIP,55.62500000000001,VIP
14138,105.60000000000001,VIP,105.60000000000001,VIP
15145,105.55,VIP,105.17500000000001,VIP
12562,105.30000000000001,VIP,100.965,VIP
16265,105.1,VIP,105.1,VIP
15426,104.33,VIP,97.95500000000001,VIP
16790,104.28,VIP,104.28,VIP
14713,103.89,VIP,103.89,VIP
17625,103.58,VIP,103.58,VIP
18283,102.56,VIP,102.56,VIP
13309,101.99,VIP,101.99,VIP
17725,100.69999999999999,VIP,100.69999999999999,VIP
14730,100.66,VIP,100.66,VIP
16657,100.3,VIP,98.125,VIP
16764,100.12,VIP,100.12,VIP
13755,97.81,VIP,97.81,VIP
14299,97.20000000000002,VIP,97.20000000000002,VIP
16942,97.08,VIP,97.08,VIP
15727,97.0,VIP,97.0,VIP
13588,96.44,VIP,96.44,VIP
16255,96.34,VIP,96.34,VIP
18221,94.69,VIP,94.69,VIP
12963,93.7,VIP,93.7,VIP
16241,93.32,VIP,93.32,VIP
16633,92.75,VIP,92.75,VIP
17799,91.13,VIP,91.13,VIP
15804,90.44,VIP,90.44,VIP
12421,90.15,VIP,90.15,VIP
16440,88.06,VIP,88.06,VIP
13949,86.79,VIP,86.79,VIP
14506,86.44,VIP,86.44,VIP
17954,85.68,VIP,85.68,VIP
13704,85.64,VIP,85.64,VIP
16426,85.25,VIP,85.25,VIP
15373,84.75,VIP,84.75,VIP
13630,82.94999999999999,VIP,82.94999999999999,VIP
16719,81.83,VIP,81.83,VIP
16016,81.41,VIP,81.41,VIP
14766,80.18,VIP,80.18,VIP
14071,79.6,VIP,79.6,VIP
14583,79.04,VIP,79.04,VIP
13956,78.9,VIP,78.9,VIP
15916,78.68,VIP,78.68,VIP
13650,75.16,VIP,75.16,VIP
14432,74.21000000000001,VIP,74.21000000000001,VIP
14178,74.12,VIP,74.12,VIP
16744,73.49,VIP,73.49,VIP
17827,72.89,VIP,72.89,VIP
14704,71.31,VIP,71.31,VIP
13571,69.9,VIP,69.9,VIP
17750,68.33,VIP,68.33,VIP
14446,65.91,VIP,65.91,VIP
16271,65.33000000000001,VIP,65.33000000000001,VIP
14719,64.64,VIP,64.64,VIP
13610,64.38,VIP,64.38,VIP
14449,63.45,VIP,63.45,VIP
14083,63.35,VIP,63.35,VIP
16115,61.879999999999995,VIP,61.879999999999995,VIP
15453,59.660000000000004,VIP,59.660000000000004,VIP
14587,59.56,VIP,59.56,VIP
18245,58.050000000000004,VIP,58.050000000000004,VIP
13184,57.19,VIP,57.19,VIP
13838,56.92,VIP,56.92,VIP
16899,56.699999999999996,VIP,56.699999999999996,VIP
14653,55.010000000000005,VIP,55.010000000000005,VIP
14698,54.05,VIP,54.05,VIP
15021,52.4,VIP,52.4,VIP
13782,50.19,VIP,50.19,VIP
15511,47.55,VIP,47.55,VIP
12856,47.07,VIP,47.07,VIP
14030,46.34,VIP,46.34,VIP
16987,46.1,VIP,46.1,VIP
17450,7711.46,Churned,495.30000000000007,Churned
16029,2757.3599999999997,Churned,300.975,Churned
14680,2286.89,Churned,527.2500000000001,Churned
17949,1965.84,VIP,115.87500000000003,VIP
15189,965.52,Churned,357.80000000000007,Churned
16525,626.5400000000001,Churned,309.00000000000006,Churned
13854,575.1,Churned,191.3,Churned
13113,562.4300000000001,Churned,194.305,Churned
12597,514.35,VIP,227.60000000000002,VIP
16180,501.75,Churned,210.12500000000003,Churned
15786,474.53999999999996,VIP,472.39,VIP
15125,469.52,Churned,213.04500000000002,Churned
14866,460.1,VIP,118.37500000000003,VIP
17706,406.29,Churned,322.89000000000004,Churned
15874,405.8,Churned,228.27500000000003,Churned
17183,399.12,VIP,115.87500000000003,VIP
13316,396.16,VIP,193.12500000000003,VIP
16303,389.7,VIP,384.55,VIP
14235,389.39,Churned,244.05,Churned
13555,376.75,Churned,184.00000000000003,Churned
15218,369.28999999999996,Churned,241.74,Churned
14952,368.40000000000003,Churned,113.625,Churned
12909,336.78,VIP,176.65500000000003,VIP
13918,332.58000000000004,VIP,94.95000000000002,VIP
15291,315.32,VIP,90.77000000000001,VIP
12637,314.2,Churned,244.45000000000002,Churned
16745,306.1,Churned,268.85,Churned
15785,297.72,VIP,174.19500000000002,VIP
15694,292.7,VIP,89.75000000000001,VIP
15981,291.18,Churned,221.73000000000002,Churned
12656,288.1,Churned,220.15,Churned
14936,284.25,Churned,244.8,Churned
12782,283.75,Churned,174.675,Churned
14961,281.15,Churned,274.77500000000003,Churned
14426,272.0,VIP,193.75,VIP
12473,271.49,VIP,271.49,VIP
12502,265.8,Churned,206.10000000000002,Churned
14060,261.18,Churned,215.58000000000004,Churned
14565,258.02,Churned,236.94500000000002,Churned
14854,256.94,Churned,130.19,Churned
13815,255.9,VIP,220.07500000000002,VIP
14001,255.8,VIP,94.65,VIP
17679,248.0,VIP,77.25000000000001,VIP
15046,245.81,Churned,244.835,Churned
17086,245.51999999999998,VIP,75.345,VIP
13266,242.82,Churned,187.845,Churned
13297,235.16,VIP,159.27500000000003,VIP
18092,234.35999999999999,VIP,115.87500000000003,VIP
18094,232.8,Churned,132.45000000000002,Churned
15491,231.78000000000003,Churned,220.00500000000002,Churned
14227,226.79000000000002,Churned,223.815,Churned
16928,224.14999999999998,Churned,166.4,Churned
16550,218.4,Churned,218.4,Churned
14307,216.72,Churned,208.54500000000002,Churned
16999,215.7,VIP,75.32500000000002,VIP
17702,210.0,VIP,69.625,VIP
16003,208.1,VIP,71.525,VIP
16497,206.84000000000003,VIP,163.37,VIP
12359,204.1,VIP,204.1,VIP
12407,203.07,VIP,165.72000000000003,VIP
16618,203.04,VIP,165.16500000000002,VIP
12524,202.86,Churned,115.48500000000001,Churned
13842,197.47,Churned,197.47,Churned
17050,194.64000000000001,Churned,183.76500000000001,Churned
17722,192.75,Churned,171.57500000000002,Churned
14842,189.0,VIP,189.0,VIP
16556,184.9,Churned,164.125,Churned
14016,184.51999999999998,Churned,164.97000000000003,Churned
15485,184.38000000000002,VIP,151.60500000000002,VIP
18263,183.51999999999998,VIP,183.51999999999998,VIP
12610,181.0,VIP,107.62500000000001,VIP
14099,179.12,Churned,173.645,Churned
13015,174.02,VIP,174.02,VIP
15764,173.56,Churned,173.56,Churned
13373,168.6,VIP,167.25,VIP
17422,166.66,Churned,145.28500000000003,Churned
15681,165.02,VIP,137.145,VIP
15722,165.0,VIP,102.45000000000002,VIP
13001,164.75,Churned,164.75,Churned
12360,164.5,VIP,123.125,VIP
12613,163.6,VIP,131.425,VIP
17997,163.5,Churned,126.15000000000002,Churned
12708,161.83,Churned,161.83,Churned
16191,161.06,VIP,154.685,VIP
14221,160.59,Churned,160.59,Churned
17076,160.39999999999998,VIP,94.25000000000001,VIP
15651,159.88,VIP,101.21000000000001,VIP
15814,159.39999999999998,VIP,115.85000000000001,VIP
14535,155.0,VIP,155.0,VIP
13308,154.44,VIP,92.25000000000001,VIP
13168,151.95000000000002,VIP,143.375,VIP
17084,150.9,VIP,102.525,VIP
14121,150.88,VIP,149.705,VIP
13131,149.39999999999998,VIP,68.625,VIP
13477,148.78,VIP,110.905,VIP
14286,148.08,VIP,148.08,VIP
16316,145.89,Churned,145.89,Churned
14414,144.9,Churned,126.64500000000001,Churned
12483,140.56,VIP,99.185,VIP
16240,140.01000000000002,VIP,140.01000000000002,VIP
16743,139.51,Churned,139.51,Churned
15116,139.5,VIP,76.125,VIP
15671,138.42000000000002,VIP,138.42000000000002,VIP
17867,138.07,VIP,55.31500000000001,VIP
12456,137.2,VIP,126.325,VIP
16168,136.95000000000002,Churned,136.95000000000002,Churned
12523,136.3,Churned,135.32500000000002,Churned
13552,135.94,Churned,116.29,Churned
15241,134.64,Churned,128.26500000000001,Churned
16120,134.54999999999998,VIP,82.20000000000002,VIP
14709,134.1,Churned,133.72500000000002,Churned
14312,133.95,VIP,106.57500000000002,VIP
12520,133.75,Churned,133.75,Churned
13362,132.3,VIP,132.3,VIP
18180,132.22,Churned,132.22,Churned
17720,132.2,VIP,68.82500000000002,VIP
13654,131.89,Churned,131.89,Churned
15301,131.78,Churned,128.705,Churned
16871,131.05,Churned,131.05,Churned
17203,127.18,VIP,45.80500000000001,VIP
14125,126.97,VIP,126.97,VIP
16710,125.85,Churned,125.85,Churned
13495,125.1,VIP,125.1,VIP
13849,124.39,VIP,124.39,VIP
14334,123.3,Churned,123.3,Churned
16389,123.0,VIP,92.25000000000001,VIP
14004,122.8,Churned,122.8,Churned
12627,122.32,Churned,122.32,Churned
12645,121.74000000000001,VIP,121.74000000000001,VIP
13761,121.3,VIP,121.3,VIP
16394,120.25999999999999,VIP,58.08500000000001,VIP
16293,120.24000000000001,Churned,108.46500000000002,Churned
18217,119.88,VIP,112.025,VIP
16940,119.25,VIP,119.25,VIP
13517,117.93,VIP,117.93,VIP
13593,117.35,Churned,117.35,Churned
16628,116.8,VIP,116.8,VIP
17648,116.30000000000001,VIP,116.30000000000001,VIP
13069,115.74,Churned,115.74,Churned
16150,114.89999999999999,Churned,114.89999999999999,Churned
13994,113.81,VIP,113.81,VIP
15974,113.8,VIP,112.825,VIP
13908,112.97,Churned,112.97,Churned
16353,112.45,VIP,76.82500000000002,VIP
14410,111.10000000000001,Churned,111.10000000000001,Churned
12481,111.1,Churned,111.1,Churned
15518,111.0,Churned,111.0,Churned
14978,109.45,Churned,109.45,Churned
14691,108.9,VIP,76.72500000000001,VIP
16081,108.63,VIP,108.63,VIP
14825,108.28,Churned,105.305,Churned
15950,108.15,VIP,108.15,VIP
13692,105.48,VIP,87.33000000000001,VIP
15531,104.8,VIP,104.8,VIP
13350,104.6,VIP,93.22500000000001,VIP
13507,104.28,VIP,104.28,VIP
15009,103.9,VIP,103.9,VIP
15680,101.82000000000001,VIP,101.82000000000001,VIP
14901,101.59,VIP,65.215,VIP
17237,101.5,VIP,50.12500000000001,VIP
17069,100.9,VIP,100.9,VIP
17091,100.45,VIP,100.45,VIP
17612,100.1,VIP,100.1,VIP
14262,99.96,VIP,99.96,VIP
16094,99.43,VIP,99.43,VIP
12431,98.68,VIP,98.68,VIP
14738,97.35000000000001,VIP,96.37500000000001,VIP
16496,97.30000000000001,VIP,97.30000000000001,VIP
17682,97.24000000000001,VIP,97.24000000000001,VIP
15105,96.9,VIP,96.9,VIP
12775,96.84,VIP,96.84,VIP
17080,96.72,VIP,59.025000000000006,VIP
13700,95.85000000000001,VIP,95.85000000000001,VIP
17372,95.76,VIP,95.76,VIP
12560,95.53999999999999,VIP,95.53999999999999,VIP
14834,94.9,VIP,94.9,VIP
17191,94.64000000000001,VIP,94.64000000000001,VIP
16767,94.5,VIP,94.5,VIP
17800,93.85000000000001,VIP,93.85000000000001,VIP
16007,93.47,VIP,93.47,VIP
17634,93.07000000000001,VIP,93.07000000000001,VIP
12615,92.94,VIP,92.94,VIP
13048,92.71000000000001,VIP,92.71000000000001,VIP
17676,91.5,VIP,91.5,VIP
14759,90.99,VIP,90.99,VIP
12949,90.81,VIP,90.81,VIP
15059,90.62,VIP,90.62,VIP
17131,90.29999999999998,VIP,89.325,VIP
12673,89.2,VIP,89.2,VIP
17043,88.72,VIP,88.72,VIP
15572,88.54,VIP,88.54,VIP
14290,88.2,VIP,88.2,VIP
13658,87.61999999999999,VIP,87.61999999999999,VIP
12630,87.43,VIP,87.43,VIP
17469,87.1,VIP,87.1,VIP
12576,87.05,VIP,87.05,VIP
17566,86.78,VIP,85.805,VIP
14868,86.05,VIP,86.05,VIP
12619,85.75,VIP,85.75,VIP
12827,85.75,VIP,85.75,VIP
12526,85.48,VIP,85.48,VIP
15594,84.97999999999999,VIP,84.97999999999999,VIP
15220,84.94,VIP,84.94,VIP
13026,83.88000000000001,VIP,80.385,VIP
14629,83.8,VIP,83.8,VIP
14897,83.8,VIP,83.8,VIP
16464,83.32,VIP,83.32,VIP
14336,82.62,VIP,82.62,VIP
13993,82.4,VIP,82.4,VIP
14418,82.36,VIP,82.36,VIP
12762,82.2,VIP,76.275,VIP
16600,81.69999999999999,VIP,81.69999999999999,VIP
13883,81.68,VIP,81.68,VIP
15532,81.66,VIP,81.66,VIP
17071,81.38,VIP,81.38,VIP
16791,81.2,VIP,81.2,VIP
16170,80.3,VIP,80.3,VIP
17160,80.25999999999999,VIP,80.25999999999999,VIP
14309,80.2,VIP,80.2,VIP
14126,79.5,VIP,55.62500000000001,VIP
14883,79.36,VIP,79.36,VIP
15253,79.19999999999999,VIP,77.025,VIP
16279,78.83,VIP,78.83,VIP
13579,78.6,VIP,78.6,VIP
15398,78.17999999999999,VIP,78.17999999999999,VIP
13975,77.39,VIP,77.39,VIP
17410,77.1,VIP,77.1,VIP
16992,76.7,VIP,76.7,VIP
15136,75.80000000000001,VIP,75.80000000000001,VIP
15172,75.5,VIP,75.5,VIP
16395,75.42999999999999,VIP,75.42999999999999,VIP
12727,74.80000000000001,VIP,63.025000000000006,VIP
14293,74.79,VIP,68.86500000000001,VIP
14948,73.99000000000001,VIP,73.99000000000001,VIP
15533,73.82000000000001,VIP,73.82000000000001,VIP
14720,73.80000000000001,VIP,73.80000000000001,VIP
15411,73.51,VIP,73.51,VIP
14040,73.22,VIP,73.22,VIP
14591,73.08,VIP,73.08,VIP
15796,72.2,VIP,72.2,VIP
15203,71.3,VIP,71.3,VIP
17861,71.00000000000001,VIP,63.86500000000001,VIP
14684,70.52,VIP,70.52,VIP
13860,70.25999999999999,VIP,70.25999999999999,VIP
18179,69.75,VIP,69.75,VIP
18097,69.60000000000001,VIP,58.42500000000001,VIP
17629,68.91,VIP,48.135000000000005,VIP
12530,68.76,VIP,68.76,VIP
12429,68.69999999999999,VIP,68.69999999999999,VIP
15434,68.65,VIP,68.65,VIP
17830,68.1,VIP,68.1,VIP
16929,67.8,VIP,67.8,VIP
16533,65.86,VIP,65.86,VIP
17288,65.84,VIP,65.84,VIP
13171,65.3,VIP,53.925000000000004,VIP
13456,64.35000000000001,VIP,58.42500000000001,VIP
16495,64.32,VIP,64.32,VIP
16085,63.87,VIP,63.87,VIP
17436,63.3,VIP,56.025000000000006,VIP
12620,62.879999999999995,VIP,62.879999999999995,VIP
16201,62.8,VIP,62.8,VIP
14359,62.150000000000006,VIP,62.150000000000006,VIP
16933,62.15,VIP,44.525000000000006,VIP
16020,61.5,VIP,61.5,VIP
16143,61.5,VIP,61.5,VIP
14482,60.550000000000004,VIP,60.550000000000004,VIP
16813,60.510000000000005,VIP,60.510000000000005,VIP
17797,60.35,VIP,60.35,VIP
13110,59.95,VIP,59.95,VIP
17284,59.55,VIP,59.55,VIP
12913,59.16,VIP,59.16,VIP
15493,58.980000000000004,VIP,58.980000000000004,VIP
16900,58.650000000000006,VIP,58.650000000000006,VIP
16134,58.49999999999999,VIP,58.49999999999999,VIP
12572,57.05,VIP,57.05,VIP
14904,56.980000000000004,VIP,56.980000000000004,VIP
17350,56.95,VIP,56.95,VIP
16042,56.58,VIP,56.58,VIP
13429,56.32,VIP,56.32,VIP
16348,55.82,VIP,55.82,VIP
15563,55.76,VIP,55.76,VIP
16369,55.53,VIP,55.53,VIP
17211,55.05,VIP,55.05,VIP
15618,54.451,VIP,54.451,VIP
15298,54.0,VIP,54.0,VIP
15983,53.800000000000004,VIP,45.22500000000001,VIP
13510,53.5,VIP,53.5,VIP
14577,52.900000000000006,VIP,52.900000000000006,VIP
13736,52.77,VIP,52.77,VIP
16642,52.65,VIP,52.65,VIP
13363,52.26,VIP,52.26,VIP
14116,52.08,VIP,52.08,VIP
17095,51.7,VIP,51.7,VIP
15436,51.64,VIP,51.64,VIP
17368,51.64,VIP,51.64,VIP
16434,51.3,VIP,51.3,VIP
14658,50.83,VIP,49.50500000000001,VIP
15179,50.82,VIP,50.82,VIP
18130,50.62,VIP,50.62,VIP
18219,50.400000000000006,VIP,50.400000000000006,VIP
13064,50.3,VIP,50.3,VIP
17006,47.949999999999996,VIP,47.949999999999996,VIP
17287,47.76,VIP,47.76,VIP
17096,47.46,VIP,47.46,VIP
15714,46.64,VIP,43.665000000000006,VIP
13173,46.45,VIP,46.45,VIP
16347,46.35,VIP,46.35,VIP
14321,45.96,VIP,45.96,VIP
13521,45.8,VIP,45.8,VIP
15031,45.69,VIP,45.69,VIP
15399,45.239999999999995,VIP,45.239999999999995,VIP
14102,45.0,VIP,45.0,VIP
13890,44.85,VIP,44.85,VIP
13823,43.95,VIP,43.95,VIP
18125,43.84,VIP,43.84,VIP
14594,43.75,VIP,43.75,VIP
16438,43.480000000000004,Loyal,43.480000000000004,VIP
16910,42.61,Loyal,42.61,VIP
17293,40.88,Loyal,40.88,VIP
15910,40.35,Loyal,40.35,VIP
17323,39.91,Loyal,39.91,VIP
17097,38.54,Loyal,38.54,Loyal
17019,35.629999999999995,Loyal,35.629999999999995,Loyal
17345,33.05,Loyal,33.05,Loyal
16283,32.19,Loyal,32.19,Loyal
14419,31.19,Loyal,31.19,Loyal
17883,30.740000000000002,Loyal,30.740000000000002,Loyal
15953,29.68,Loyal,29.68,Loyal
16891,28.1,Loyal,28.1,Loyal
14701,25.32,Loyal,25.32,Loyal
17870,25.1,Loyal,25.1,Loyal
13558,24.9,Loyal,24.9,Loyal
17988,19.79,Loyal,19.79,Loyal
16333,1087.2,Churned,115.87500000000003,Churned
16656,523.8,Churned,58.425000000000004,Churned
13324,498.71999999999997,Churned,154.50000000000003,Churned
13414,453.0,Churned,101.625,Churned
13093,407.32,Churned,169.62000000000003,Churned
12830,393.03999999999996,Churned,77.25000000000001,Churned
13631,360.0,Churned,77.25000000000001,Churned
14875,348.96000000000004,Churned,149.985,Churned
12758,321.56,Churned,261.785,Churned
15379,279.96000000000004,Churned,279.96000000000004,Churned
12664,276.6,Churned,45.22500000000001,Churned
16984,262.37,Churned,251.495,Churned
15270,258.6,Churned,183.45000000000005,Churned
17671,251.0,Churned,121.05000000000001,Churned
17090,235.3,Churned,161.35000000000002,Churned
15985,233.64,Churned,127.65000000000002,Churned
15067,230.9,Churned,165.35000000000002,Churned
17838,213.96,Churned,213.96,Churned
12635,199.0,Churned,111.62500000000001,Churned
16709,195.60000000000002,Churned,166.35000000000002,Churned
14360,194.6,Churned,165.22500000000002,Churned
13124,194.49,Churned,194.49,Churned
17381,192.96,Churned,77.25000000000001,Churned
15321,192.4,Churned,138.525,Churned
13814,190.8,Churned,139.425,Churned
12910,186.48,Churned,92.37000000000002,Churned
18260,180.64,Churned,129.09,Churned
16701,180.44,Churned,87.45000000000002,Churned
13563,178.59,Churned,52.215,Churned
16107,177.60000000000002,New,38.62500000000001,New
14257,176.4,Churned,125.025,Churned
16253,170.9,Churned,139.95000000000002,Churned
18073,169.5,Churned,113.55000000000001,Churned
13562,167.65,Churned,153.175,Churned
12717,162.46,Churned,101.08500000000001,Churned
12653,160.26000000000002,Churned,98.91000000000001,Churned
18144,155.0,Churned,58.425000000000004,Churned
15089,152.04,Churned,130.865,Churned
14177,150.9,Churned,87.15,Churned
17669,150.2,Churned,84.82500000000002,Churned
13249,148.04999999999998,Churned,47.47500000000001,Churned
13094,147.36,Churned,77.25000000000001,Churned
13771,146.94,Churned,83.56500000000001,Churned
15619,145.0,New,38.62500000000001,New
12609,143.98000000000002,Churned,92.605,Churned
14163,143.6,Churned,89.15,Churned
12358,142.8,New,38.62500000000001,New
17444,140.7,Churned,140.7,Churned
13334,139.15,Churned,139.15,Churned
14970,138.3,Churned,77.25000000000001,Churned
16258,138.0,Churned,130.65,Churned
12428,136.26,Churned,136.26,Churned
13431,135.22,Churned,97.345,Churned
15306,130.52,Churned,67.14500000000001,Churned
13577,129.70000000000002,Churned,129.70000000000002,Churned
17873,127.75000000000001,Churned,77.57500000000002,Churned
15416,126.55,Churned,126.55,Churned
18065,126.30000000000001,Churned,126.30000000000001,Churned
17002,126.0,Churned,113.625,Churned
13136,124.8,Churned,121.825,Churned
12886,124.13,Churned,124.13,Churned
17175,120.55,Churned,99.225,Churned
17738,119.5,Churned,119.125,Churned
15673,118.93,Churned,118.93,Churned
17850,118.6,Churned,118.6,Churned
12847,118.36,New,110.185,New
17560,118.0,Churned,97.22500000000001,Churned
17083,116.92,Churned,116.92,Churned
15251,116.32000000000001,Churned,77.25000000000001,Churned
13963,116.3,Churned,115.125,Churned
14038,115.2,Churned,115.2,Churned
16513,114.74000000000001,New,108.36500000000001,New
15730,113.01,Churned,113.01,Churned
14292,111.9,Churned,89.32500000000002,Churned
13901,111.5,Churned,111.5,Churned
14852,110.05,Churned,110.05,Churned
15708,110.05,Churned,110.05,Churned
12724,109.6,Churned,94.22500000000001,Churned
15808,108.8,Churned,108.8,Churned
18235,108.42,Churned,108.42,Churned
15370,108.22,Churned,107.245,Churned
13344,108.08,Churned,108.08,Churned
16735,107.83,Churned,107.83,Churned
16996,106.80000000000001,Churned,86.025,Churned
13505,106.12,Churned,106.12,Churned
14934,105.6,Churned,103.42500000000001,Churned
14715,105.12,VIP,76.245,VIP
15410,104.9,Churned,104.9,Churned
14487,103.49,VIP,91.11500000000001,VIP
13157,103.4,VIP,103.4,VIP
16669,103.4,VIP,103.4,VIP
13911,101.9,Churned,101.9,Churned
17073,101.63,VIP,101.63,VIP
13305,100.05,Churned,100.05,Churned
17863,99.72,VIP,93.34500000000001,VIP
13869,98.82,Churned,98.82,Churned
17589,98.2,VIP,98.2,VIP
12779,96.69999999999999,VIP,95.525,VIP
14211,96.69999999999999,Churned,96.69999999999999,Churned
13894,94.02000000000001,VIP,56.32500000000001,VIP
18016,93.78999999999999,Churned,93.78999999999999,Churned
15791,93.7,VIP,93.325,VIP
15763,93.3,VIP,93.3,VIP
12865,93.15,VIP,93.15,VIP
14472,93.03,Churned,93.03,Churned
16126,92.7,VIP,71.32500000000002,VIP
14315,92.1,VIP,92.1,VIP
13870,91.52000000000001,VIP,91.52000000000001,VIP
14921,90.6,VIP,90.6,VIP
13141,89.44,Churned,89.44,Churned
16059,89.35,Churned,89.35,Churned
14064,88.98,VIP,88.98,VIP
15745,88.88,VIP,88.88,VIP
12721,87.96,Churned,87.96,Churned
12528,87.8,Churned,87.8,Churned
12704,87.75,VIP,86.375,VIP
16503,87.2,Churned,87.2,Churned
16477,86.22,Churned,86.22,Churned
15826,85.86,VIP,83.92500000000001,VIP
16612,85.3,VIP,85.3,VIP
13515,85.16,Churned,85.16,Churned
13636,85.1,VIP,85.1,VIP
17672,85.1,VIP,85.1,VIP
15329,85.05,VIP,85.05,VIP
14665,84.6,VIP,84.6,VIP
14243,82.65,Churned,82.65,Churned
14913,82.2,VIP,74.025,VIP
14035,81.78,VIP,66.325,VIP
18079,81.41,VIP,81.41,VIP
15632,80.4,Churned,80.4,Churned
17085,80.39,Churned,80.39,Churned
16806,80.13,Churned,80.13,Churned
14175,79.5,VIP,79.5,VIP
16153,78.8,VIP,78.8,VIP
12380,78.55000000000001,VIP,78.55000000000001,VIP
14808,76.94999999999999,VIP,76.94999999999999,VIP
15582,76.9,VIP,76.9,VIP
12928,76.5,VIP,76.5,VIP
13421,76.2,VIP,76.2,VIP
14388,76.0,Churned,76.0,Churned
15827,75.9,Churned,75.9,Churned
12674,75.60000000000001,VIP,75.60000000000001,VIP
17571,75.18,VIP,75.18,VIP
16049,75.12,VIP,75.12,VIP
13824,73.35,VIP,73.35,VIP
16175,73.35,Churned,73.35,Churned
12397,72.78,VIP,72.78,VIP
16266,72.0,Churned,72.0,Churned
13310,71.85,VIP,71.85,VIP
17813,71.83,VIP,71.83,VIP
12759,71.69999999999999,VIP,71.69999999999999,VIP
15392,69.89999999999999,VIP,69.89999999999999,VIP
12876,69.2,VIP,68.22500000000001,VIP
13487,68.80000000000001,VIP,68.80000000000001,VIP
16676,68.7,VIP,68.7,VIP
16370,68.54,Churned,68.54,Churned
18270,68.5,VIP,53.925000000000004,VIP
12432,68.46000000000001,VIP,68.46000000000001,VIP
16560,68.30000000000001,VIP,68.30000000000001,VIP
14233,67.9,VIP,47.12500000000001,VIP
17585,67.89999999999999,Churned,67.89999999999999,Churned
16817,67.80000000000001,VIP,67.80000000000001,VIP
14623,67.34,VIP,45.96500000000001,VIP
16284,67.32,VIP,67.32,VIP
13717,66.92,VIP,66.92,VIP
12935,66.9,VIP,66.9,VIP
17961,66.85,Churned,66.85,Churned
14284,66.65,VIP,66.65,VIP
15781,65.9,VIP,65.9,VIP
16357,65.69999999999999,VIP,65.69999999999999,VIP
13614,65.5,VIP,65.5,VIP
13491,65.4,VIP,65.4,VIP
17696,65.2,Churned,65.2,Churned
17703,65.04,VIP,65.04,VIP
16463,64.94999999999999,VIP,64.94999999999999,VIP
15669,64.5,VIP,64.5,VIP
14462,64.35,Churned,64.35,Churned
14447,63.9,VIP,63.9,VIP
17633,63.64,VIP,63.64,VIP
15608,63.3,VIP,63.3,VIP
16531,63.12,VIP,63.12,VIP
16136,63.0,VIP,63.0,VIP
14498,62.7,VIP,62.7,VIP
18116,62.620000000000005,Churned,62.620000000000005,Churned
12832,62.3,VIP,62.3,VIP
13549,61.5,VIP,61.5,VIP
17705,60.959999999999994,Churned,60.959999999999994,Churned
15965,60.74,VIP,60.74,VIP
15240,60.3,VIP,60.3,VIP
16930,59.9,VIP,47.525000000000006,VIP
17158,59.88,VIP,59.88,VIP
18257,59.540000000000006,VIP,59.540000000000006,VIP
14341,58.5,VIP,58.5,VIP
16515,58.5,VIP,58.5,VIP
12463,57.34,VIP,57.34,VIP
13224,57.0,VIP,57.0,VIP
17591,56.550000000000004,Churned,56.550000000000004,Churned
16861,56.400000000000006,VIP,56.400000000000006,VIP
14404,56.21,Churned,56.21,Churned
17540,55.35,VIP,55.35,VIP
14226,55.349999999999994,VIP,55.349999999999994,VIP
13995,54.63,VIP,54.63,VIP
14640,54.580000000000005,VIP,54.580000000000005,VIP
12518,53.8,VIP,53.8,VIP
12370,52.900000000000006,VIP,52.900000000000006,VIP
15573,52.83,VIP,52.83,VIP
13509,52.72,VIP,52.72,VIP
16782,52.6,Churned,52.6,Churned
15787,52.53,VIP,52.53,VIP
16466,52.44,VIP,52.44,VIP
16188,52.22,VIP,52.22,VIP
17169,52.08,VIP,52.08,VIP
12640,51.7,VIP,51.7,VIP
16418,51.67,VIP,51.67,VIP
12395,50.9,VIP,50.9,VIP
13109,50.800000000000004,VIP,50.800000000000004,VIP
16460,49.73,VIP,49.73,VIP
14428,49.49,VIP,49.49,VIP
13643,49.0,VIP,49.0,VIP
17027,48.949999999999996,Churned,48.949999999999996,Churned
14631,47.7,VIP,47.7,VIP
12384,47.55,VIP,47.55,VIP
16554,46.97,VIP,46.97,VIP
14731,45.54,VIP,45.54,VIP
16934,45.46,VIP,45.46,VIP
13203,45.36,VIP,45.36,VIP
15952,45.21,VIP,45.21,VIP
14820,44.9,VIP,44.9,VIP
16245,44.9,VIP,44.9,VIP
17272,44.64,VIP,44.64,VIP
17777,44.58,VIP,44.58,VIP
18081,44.42,VIP,44.42,VIP
16362,44.09,VIP,44.09,VIP
13502,43.3,Loyal,43.3,VIP
13634,43.16,Loyal,43.16,VIP
16242,43.13,Loyal,43.13,VIP
15506,42.989999999999995,Loyal,42.989999999999995,VIP
14649,42.75,Loyal,42.75,VIP
12680,42.6,Loyal,42.6,VIP
15860,42.49,Loyal,42.49,VIP
13077,42.290000000000006,Loyal,42.290000000000006,VIP
14515,42.22,Loyal,42.22,VIP
12997,42.12,Loyal,42.12,VIP
16869,41.06,Loyal,41.06,VIP
17412,40.6,Loyal,40.6,VIP
16811,40.56,Loyal,40.56,VIP
16892,40.1,Loyal,40.1,VIP
16726,39.97,Loyal,39.97,VIP
17579,39.9,Loyal,39.9,VIP
12465,39.599999999999994,Loyal,39.599999999999994,VIP
17837,38.980000000000004,Loyal,38.980000000000004,VIP
12985,38.76,Loyal,38.76,VIP
15907,38.75,Loyal,38.75,VIP
17466,38.7,Loyal,38.7,VIP
17555,38.55,Loyal,38.55,Loyal
15987,38.1,Loyal,38.1,Loyal
14723,37.36,Loyal,37.36,Loyal
13991,36.76,Loyal,36.76,Loyal
12828,36.75,Loyal,36.75,Loyal
16885,36.37,Loyal,36.37,Loyal
14673,36.24,Loyal,36.24,Loyal
16728,35.63,Loyal,35.63,Loyal
14662,34.940000000000005,Loyal,34.940000000000005,Loyal
16469,34.9,Loyal,34.9,Loyal
17769,34.55,Loyal,34.55,Loyal
15862,34.45,Loyal,34.45,Loyal
14297,34.35,Loyal,34.35,Loyal
16794,33.72,Loyal,33.72,Loyal
17405,32.7,Loyal,32.7,Loyal
13962,32.65,Loyal,32.65,Loyal
15500,32.519999999999996,Loyal,32.519999999999996,Loyal
15414,32.150000000000006,Loyal,32.150000000000006,Loyal
13546,31.95,Loyal,31.95,Loyal
13212,31.759999999999998,Loyal,31.759999999999998,Loyal
15022,31.54,Loyal,31.54,Loyal
14664,31.47,Loyal,31.47,Loyal
16511,30.990000000000002,Loyal,30.990000000000002,Loyal
14044,30.85,Loyal,30.85,Loyal
15933,30.75,Loyal,30.75,Loyal
16005,30.470000000000002,Loyal,30.470000000000002,Loyal
16015,30.23,Loyal,30.23,Loyal
17481,30.1,Loyal,30.1,Loyal
17503,30.0,Loyal,30.0,Loyal
17387,29.9,Loyal,29.9,Loyal
15756,29.48,Loyal,29.48,Loyal
17864,29.42,Loyal,29.42,Loyal
15584,29.4,Loyal,29.4,Loyal
13030,29.09,Loyal,29.09,Loyal
17754,28.759999999999998,Loyal,28.759999999999998,Loyal
16442,27.52,Loyal,27.52,Loyal
18096,27.41,Loyal,27.41,Loyal
17014,27.400000000000002,Loyal,27.400000000000002,Loyal
17266,26.25,Loyal,26.25,Loyal
16343,26.08,Loyal,26.08,Loyal
12364,25.35,Loyal,25.35,Loyal
15060,25.33,Loyal,25.33,Loyal
15124,25.2,Loyal,25.2,Loyal
12462,24.96,Loyal,24.96,Loyal
17453,24.9,Loyal,24.9,Loyal
15156,24.839999999999996,Loyal,24.839999999999996,Loyal
15901,24.25,Loyal,24.25,Loyal
17232,23.85,Loyal,23.85,Loyal
15525,23.36,Loyal,23.36,Loyal
17221,23.16,Loyal,23.16,Loyal
17371,23.15,Loyal,23.15,Loyal
18001,22.81,Loyal,22.81,Loyal
15287,22.68,Loyal,22.68,Loyal
14157,22.439999999999998,Loyal,22.439999999999998,Loyal
13159,22.1,Loyal,22.1,Loyal
17360,21.13,Loyal,21.13,Loyal
17590,21.13,Loyal,21.13,Loyal
16924,20.61,Loyal,20.61,Loyal
15747,20.3,Loyal,20.3,Loyal
17624,20.28,Loyal,20.28,Loyal
16261,20.05,Loyal,20.05,Loyal
13596,19.28,Loyal,19.28,Loyal
12723,18.75,Loyal,18.75,Loyal
16380,750.0,New,38.62500000000001,New
13082,426.4,Churned,75.025,Churned
17354,403.65,New,154.50000000000003,New
14062,339.42,Churned,177.90000000000003,Churned
18240,297.0,New,38.62500000000001,New
13147,237.60000000000002,New,38.62500000000001,New
12357,234.88,New,176.15500000000003,New
13875,226.70000000000002,Churned,87.125,Churned
12539,224.35,Churned,224.35,Churned
14364,221.95,Churned,81.575,Churned
12536,216.3,New,216.3,New
16214,185.85000000000002,Churned,185.85000000000002,Churned
18149,184.6,Churned,88.025,Churned
14442,179.7,Churned,149.85000000000002,Churned
13952,179.44,Churned,178.465,Churned
13225,179.0,New,38.62500000000001,New
14006,178.0,Churned,71.625,Churned
12500,173.44000000000003,Churned,59.42500000000001,Churned
13246,168.0,Churned,79.125,Churned
15473,163.2,New,38.62500000000001,New
14740,159.74,Churned,159.74,Churned
12840,154.39999999999998,Churned,134.025,Churned
12607,139.05,New,139.05,New
12633,135.78,Churned,66.405,Churned
15079,133.74,Churned,100.465,Churned
14466,133.2,Churned,112.95000000000002,Churned
12403,132.8,New,38.62500000000001,New
16553,130.0,Churned,93.625,Churned
15065,125.35,Churned,125.35,Churned
13282,124.0,Churned,111.25000000000001,Churned
14817,117.85,Churned,117.85,Churned
16801,117.6,Churned,105.22500000000001,Churned
17646,113.4,Churned,113.4,Churned
14110,112.86,Churned,70.125,Churned
13118,109.82999999999998,Churned,83.775,Churned
12916,106.6,Churned,106.6,Churned
17337,106.24,Churned,106.24,Churned
15424,105.47999999999999,Churned,77.25000000000001,Churned
15245,102.83999999999999,Churned,102.83999999999999,Churned
14573,102.65,Churned,102.65,Churned
17519,102.65,Churned,70.47500000000001,Churned
12399,102.38,Churned,102.38,Churned
17552,102.1,Churned,102.1,Churned
12912,102.0,New,38.62500000000001,New
16218,101.8,Churned,74.42500000000001,Churned
13188,99.60000000000001,New,38.62500000000001,New
15140,99.6,Churned,68.86500000000001,Churned
16103,99.30000000000001,Churned,74.72500000000001,Churned
13134,97.81,Churned,97.81,Churned
17426,97.7,Churned,76.32500000000002,Churned
15841,96.6,Churned,53.62500000000001,Churned
13014,94.55,Churned,73.47500000000001,Churned
14389,93.60000000000001,Churned,69.825,Churned
15228,93.0,Churned,93.0,Churned
14461,92.66,Churned,92.66,Churned
15235,91.8,Churned,91.8,Churned
12535,91.7,Churned,91.7,Churned
16040,91.41,Churned,91.41,Churned
17400,91.3,Churned,91.3,Churned
12349,91.03999999999999,New,80.165,New
12412,89.76,Churned,78.58500000000001,Churned
16912,89.10000000000001,Churned,80.025,Churned
16875,86.55,Churned,86.55,Churned
15134,86.45,Churned,86.07500000000002,Churned
12710,86.39,Churned,86.39,Churned
14930,85.34,Churned,85.34,Churned
15376,85.05000000000001,Churned,85.05000000000001,Churned
13764,84.42,Churned,84.42,Churned
16919,84.15,Churned,84.15,Churned
14188,83.6,Churned,77.25000000000001,Churned
15244,83.58000000000001,Churned,83.58000000000001,Churned
15674,83.46000000000001,Churned,83.46000000000001,Churned
15549,83.35,Churned,83.35,Churned
17685,83.28,Churned,83.28,Churned
12679,83.12,Churned,45.425000000000004,Churned
13971,83.1,Churned,83.1,Churned
13741,82.4,Churned,82.4,Churned
15260,82.4,Churned,58.525000000000006,Churned
12842,82.34,Churned,55.965,Churned
17386,81.6,New,38.62500000000001,New
15822,80.7,New,48.525000000000006,New
13389,79.68,Churned,79.68,Churned
12455,79.0,Churned,76.825,Churned
15281,78.8,Churned,78.8,Churned
16951,78.53999999999999,Churned,78.53999999999999,Churned
14533,77.7,Churned,69.525,Churned
13744,77.39,Churned,77.39,Churned
17033,77.1,Churned,74.92500000000001,Churned
13192,76.82,Churned,76.82,Churned
13402,76.64,Churned,76.64,Churned
12393,76.5,Churned,65.625,Churned
15108,76.2,Churned,63.825,Churned
14409,76.1,Churned,73.125,Churned
16755,76.05,Churned,73.87500000000001,Churned
17667,75.7,Churned,75.7,Churned
16771,75.58,Churned,75.58,Churned
15834,75.43,Churned,75.43,Churned
14193,75.0,Churned,74.025,Churned
18030,74.85,New,38.62500000000001,New
12457,73.69999999999999,Churned,72.525,Churned
17656,73.68,Churned,73.68,Churned
17774,73.25,Churned,73.25,Churned
12924,72.52000000000001,Churned,59.12500000000001,Churned
13313,72.2,Churned,69.22500000000001,Churned
16172,71.9,Churned,71.9,Churned
16455,70.2,Churned,70.2,Churned
16535,70.08000000000001,New,70.08000000000001,New
13196,70.02,Churned,70.02,Churned
17147,69.72,Churned,69.72,Churned
15855,69.45,Churned,68.47500000000001,Churned
17242,67.4,Churned,56.025000000000006,Churned
13940,67.08,Churned,67.08,Churned
16225,66.53999999999999,Churned,66.53999999999999,Churned
15201,66.51,Churned,66.51,Churned
12379,66.3,Churned,66.3,Churned
17809,66.0,New,38.62500000000001,New
18189,65.7,Churned,65.7,Churned
16409,64.72,Churned,63.025000000000006,Churned
14804,64.7,New,55.62500000000001,New
12948,64.64999999999999,Churned,64.64999999999999,Churned
17724,64.5,Churned,64.5,Churned
16551,64.38,Churned,64.38,Churned
12545,64.0,Churned,64.0,Churned
13647,62.52,Churned,62.52,Churned
15757,62.44,Churned,62.44,Churned
14520,62.400000000000006,New,38.62500000000001,New
15106,62.4,Churned,62.4,Churned
14844,61.88,Churned,58.90500000000001,Churned
15206,61.199999999999996,New,38.62500000000001,New
14550,60.8,New,54.42500000000001,New
15611,60.660000000000004,Churned,56.32500000000001,Churned
16456,60.05,Churned,59.675000000000004,Churned
15977,59.120000000000005,New,55.62500000000001,New
14107,57.86,Churned,57.86,Churned
14289,57.660000000000004,Churned,48.58500000000001,Churned
12947,57.45,Churned,57.45,Churned
14748,57.3,Churned,57.3,Churned
15530,57.3,Churned,57.3,Churned
13895,56.94,Churned,55.965,Churned
16800,56.910000000000004,New,56.910000000000004,New
15318,56.760000000000005,New,47.98500000000001,New
16807,56.4,Churned,56.4,Churned
13655,56.199999999999996,Churned,56.199999999999996,Churned
12391,55.42,New,55.42,New
12434,54.45,Churned,54.45,Churned
18061,54.4,Churned,54.4,Churned
12713,54.0,New,38.62500000000001,New
16086,53.55,Churned,53.55,Churned
17787,52.9,Churned,52.9,Churned
15002,52.15,Churned,52.15,Churned
17015,51.620000000000005,Churned,51.620000000000005,Churned
15858,51.42,Churned,51.42,Churned
16561,51.02,New,51.02,New
12719,51.0,New,51.0,New
15128,50.7,Churned,50.7,Churned
13888,50.550000000000004,Churned,50.550000000000004,Churned
16140,50.1,Churned,50.1,Churned
12970,50.05,New,50.05,New
13662,49.8,Churned,49.8,Churned
12478,49.64,New,49.64,New
13023,49.25,Churned,49.25,Churned
12516,49.0,Churned,49.0,Churned
12853,49.0,Churned,49.0,Churned
15208,48.62,Churned,48.62,Churned
13754,48.0,Churned,48.0,Churned
14323,47.94,Churned,47.94,Churned
13158,47.56,Churned,47.56,Churned
17562,47.5,Churned,47.5,Churned
17802,47.5,Churned,47.5,Churned
14810,47.45,Churned,47.45,Churned
13986,47.28,New,47.28,New
12826,47.0,Churned,47.0,Churned
18034,46.11000000000001,New,46.11000000000001,New
16407,45.74999999999999,Churned,45.74999999999999,Churned
14224,45.65,Churned,45.65,Churned
12616,45.60000000000001,Churned,45.60000000000001,Churned
12695,45.6,Churned,45.6,Churned
14215,45.36,Churned,45.36,Churned
13989,45.3,Churned,45.3,Churned
14756,44.94,New,44.94,New
15339,44.85,Churned,44.85,Churned
17047,44.85,Churned,44.85,Churned
17058,44.849999999999994,Churned,44.849999999999994,Churned
14141,44.76,Churned,44.76,Churned
15819,44.7,Churned,44.7,Churned
14597,44.05,New,43.07500000000001,New
15800,44.0,Churned,44.0,Churned
13038,43.96,Churned,43.96,Churned
13959,43.95,Churned,40.07500000000001,Churned
14507,43.78,Churned,43.78,Churned
17515,43.51,Loyal,43.51,VIP
16295,43.23,Loyal,43.23,VIP
15571,42.980000000000004,Loyal,42.980000000000004,VIP
17434,42.660000000000004,Loyal,42.660000000000004,VIP
13208,42.06,Loyal,42.06,VIP
12933,41.55,Loyal,41.55,VIP
17974,40.8,Loyal,40.8,VIP
17537,40.5,Loyal,40.5,VIP
17979,40.3,Loyal,40.3,VIP
16837,40.2,Loyal,40.2,VIP
17423,40.2,Loyal,40.2,VIP
13772,39.879999999999995,Loyal,39.879999999999995,VIP
17470,39.6,Loyal,39.6,VIP
14765,38.8,Loyal,38.8,VIP
17512,37.65,Loyal,37.65,Loyal
14443,37.56,Loyal,37.56,Loyal
12427,37.5,Loyal,37.5,Loyal
13590,37.379999999999995,Loyal,37.379999999999995,Loyal
14621,37.3,Loyal,37.3,Loyal
17673,37.05,Churned,37.05,Churned
15449,36.66,Loyal,36.66,Loyal
13867,36.6,Loyal,36.6,Loyal
17361,36.599999999999994,Loyal,36.599999999999994,Loyal
16332,36.47,Loyal,36.47,Loyal
13719,35.94,Loyal,35.94,Loyal
16110,35.92,Loyal,35.92,Loyal
16809,35.72,Loyal,35.72,Loyal
14971,35.65,Loyal,35.65,Loyal
17114,35.65,Churned,35.65,Churned
14342,35.4,Loyal,35.4,Loyal
16470,35.34,Loyal,35.34,Loyal
14234,35.32,Loyal,35.32,Loyal
16221,35.3,Loyal,35.3,Loyal
16907,35.05,Loyal,35.05,Loyal
15656,34.8,Loyal,34.8,Loyal
16173,34.65,Loyal,34.65,Loyal
14504,34.6,Loyal,34.6,Loyal
17894,34.54,Churned,34.54,Churned
15754,34.35,Loyal,34.35,Loyal
17109,34.11,Loyal,34.11,Loyal
14383,33.75,Loyal,33.75,Loyal
17348,33.37,Loyal,33.37,Loyal
15427,33.26,Loyal,33.26,Loyal
16416,33.05,Loyal,33.05,Loyal
12546,33.0,Loyal,33.0,Loyal
17302,33.0,Loyal,33.0,Loyal
17092,32.85,Loyal,32.85,Loyal
16863,32.7,Loyal,32.7,Loyal
17198,32.41,Loyal,32.41,Loyal
17180,32.34,Loyal,32.34,Loyal
15801,32.0,Loyal,32.0,Loyal
12883,31.92,Loyal,31.92,Loyal
13601,31.819999999999997,Loyal,31.819999999999997,Loyal
15440,31.66,Loyal,31.66,Loyal
13213,31.499999999999996,Loyal,31.499999999999996,Loyal
16674,31.25,Loyal,31.25,Loyal
15068,30.88,Loyal,30.88,Loyal
15489,30.8,Loyal,30.8,Loyal
13186,30.55,Loyal,30.55,Loyal
12599,30.479999999999997,Loyal,30.479999999999997,Loyal
17545,30.419999999999998,Loyal,30.419999999999998,Loyal
16066,30.11,Loyal,30.11,Loyal
14592,29.39,Loyal,29.39,Loyal
16768,29.05,Loyal,29.05,Loyal
15743,28.8,Loyal,28.8,Loyal
17082,28.740000000000002,Loyal,28.740000000000002,Loyal
12494,28.5,Loyal,28.5,Loyal
15809,28.5,Loyal,28.5,Loyal
17964,28.240000000000002,Loyal,28.240000000000002,Loyal
12571,28.200000000000003,Loyal,28.200000000000003,Loyal
13066,28.1,Loyal,28.1,Loyal
18287,27.9,Loyal,27.9,Loyal
15679,27.23,Loyal,27.23,Loyal
15707,26.82,Loyal,26.82,Loyal
16969,26.55,Loyal,26.55,Loyal
16444,26.51,Loyal,26.51,Loyal
17917,26.13,Loyal,26.13,Loyal
14499,26.04,Loyal,26.04,Loyal
16898,25.94,Loyal,25.94,Loyal
16730,25.36,Loyal,25.36,Loyal
15429,25.22,Loyal,25.22,Loyal
13447,25.05,Loyal,25.05,Loyal
17007,25.0,Loyal,25.0,Loyal
17733,24.810000000000002,Loyal,24.810000000000002,Loyal
16121,24.740000000000002,Loyal,24.740000000000002,Loyal
13835,24.3,Loyal,24.3,Loyal
15051,23.700000000000003,Loyal,23.700000000000003,Loyal
13258,23.45,Loyal,23.45,Loyal
12577,22.990000000000002,Loyal,22.990000000000002,Loyal
17101,22.75,Loyal,22.75,Loyal
14529,22.68,Loyal,22.68,Loyal
13379,22.3,Loyal,22.3,Loyal
16224,21.58,Loyal,21.58,Loyal
17609,21.45,Loyal,21.45,Loyal
15012,21.25,Loyal,21.25,Loyal
17255,20.97,Loyal,20.97,Loyal
14451,20.83,Loyal,20.83,Loyal
15716,20.75,Churned,20.75,Churned
14754,20.159999999999997,Loyal,20.159999999999997,Loyal
12836,20.0,Loyal,20.0,Loyal
15967,20.0,Loyal,20.0,Loyal
17295,19.95,Loyal,19.95,Loyal
16367,19.92,Loyal,19.92,Loyal
14856,19.68,Loyal,19.68,Loyal
16804,19.5,Loyal,19.5,Loyal
13566,19.47,Loyal,19.47,Loyal
13573,19.05,Loyal,19.05,Loyal
12689,18.5,Loyal,18.5,Loyal
17812,18.13,Loyal,18.13,Loyal
16915,17.75,Loyal,17.75,Loyal
14467,17.29,Loyal,17.29,Loyal
15054,16.5,Loyal,16.5,Loyal
14710,16.2,Loyal,16.2,Loyal
13569,15.4,Loyal,15.4,Loyal
14708,15.120000000000001,Loyal,15.120000000000001,Loyal
16616,15.120000000000001,Loyal,15.120000000000001,Loyal
15568,15.08,Loyal,15.08,Loyal
17884,14.86,Loyal,14.86,Loyal
16479,13.95,Loyal,13.95,Loyal
14657,13.85,Loyal,13.85,Loyal
16877,13.09,Loyal,13.09,Loyal
13681,13.010000000000002,Loyal,13.010000000000002,Loyal
16399,12.54,Loyal,12.54,Loyal
17290,12.19,Loyal,12.19,Loyal
13673,11.2,Loyal,11.2,Loyal
15919,10.05,Loyal,10.05,Loyal
17236,10.0,Loyal,10.0,Loyal
17254,8.190000000000001,Loyal,8.190000000000001,Loyal
14984,8.100000000000001,Loyal,8.100000000000001,Loyal
17595,6.890000000000001,Loyal,6.890000000000001,Loyal
15850,2.29,Loyal,2.29,Loyal
17857,1356.0,Churned,38.62500000000001,Churned
12931,1044.5,Churned,77.25000000000001,Churned
17396,537.9,Churned,38.62500000000001,Churned
12557,415.0,Churned,77.25000000000001,Churned
17958,372.29999999999995,Churned,38.62500000000001,Churned
12378,311.6,Churned,278.93,Churned
12917,297.0,Churned,38.62500000000001,Churned
16281,260.94,Churned,93.75000000000001,Churned
12409,211.2,Churned,118.75500000000002,Churned
12752,204.0,Churned,38.62500000000001,Churned
14212,194.4,Churned,77.25000000000001,Churned
14285,164.88,Churned,68.50500000000001,Churned
12534,163.22,Churned,93.845,Churned
13763,162.72,Churned,38.62500000000001,Churned
18192,154.0,Churned,90.62500000000001,Churned
14236,152.39999999999998,Churned,38.62500000000001,Churned
12688,148.59,Churned,148.59,Churned
15971,145.6,Churned,38.62500000000001,Churned
14434,141.6,Churned,38.62500000000001,Churned
12405,105.97,Churned,100.04500000000002,Churned
17230,102.6,Churned,96.22500000000001,Churned
18202,102.04,Churned,101.06500000000001,Churned
14267,99.6,Churned,98.42500000000001,Churned
16244,99.4,Churned,99.4,Churned
14344,98.59,Churned,98.59,Churned
17526,98.10000000000001,Churned,61.12500000000001,Churned
15641,96.60000000000001,Churned,96.60000000000001,Churned
12600,96.36000000000001,Churned,63.58500000000001,Churned
17018,96.0,New,63.82500000000001,New
13165,94.56,New,73.185,New
13397,94.2,Churned,73.42500000000001,Churned
18231,92.25,Churned,92.25,Churned
17313,90.0,New,38.62500000000001,New
18035,90.0,New,77.25000000000001,New
12377,89.58,Churned,89.58,Churned
13623,89.29999999999998,Churned,62.22500000000001,Churned
17504,88.89999999999999,Churned,88.89999999999999,Churned
12625,87.84,Churned,87.84,Churned
13856,87.0,Churned,53.62500000000001,Churned
16732,85.73999999999998,New,60.165000000000006,New
12585,85.68,Churned,85.68,Churned
14532,85.15,Churned,85.15,Churned
17277,85.0,Churned,85.0,Churned
17406,84.21000000000001,Churned,84.21000000000001,Churned
15142,83.1,New,68.625,New
14867,81.5,Churned,81.5,Churned
14021,81.0,Churned,58.425000000000004,Churned
17188,81.0,Churned,81.0,Churned
18136,79.80000000000001,Churned,79.80000000000001,Churned
15027,79.61999999999999,Churned,58.545,Churned
18178,78.5,Churned,78.5,Churned
17197,78.2,New,55.62500000000001,New
12646,78.05,New,76.875,New
16889,77.61,Churned,77.61,Churned
14214,76.34,Churned,76.34,Churned
14541,76.1,Churned,73.22500000000001,Churned
15813,76.05,Churned,53.47500000000001,Churned
15658,75.30000000000001,Churned,75.30000000000001,Churned
15625,75.0,Churned,75.0,Churned
13475,74.97999999999999,Churned,74.97999999999999,Churned
15830,74.7,New,74.7,New
16520,74.24,Churned,73.065,Churned
13591,73.6,Churned,73.6,Churned
14009,72.9,Churned,72.9,Churned
13853,71.64,New,70.42500000000001,New
15104,70.8,Churned,70.8,Churned
14732,70.76,Churned,70.76,Churned
15193,69.17,New,69.17,New
14625,68.4,Churned,68.4,Churned
17004,66.56,New,63.58500000000001,New
13046,66.15,New,66.15,New
17990,65.85,Churned,65.85,Churned
15596,65.60000000000001,Churned,65.60000000000001,Churned
14484,65.52,New,65.52,New
15122,65.0,Churned,65.0,Churned
14862,63.94,New,63.94,New
15367,63.3,Churned,63.3,Churned
14240,63.0,New,63.0,New
16748,62.400000000000006,New,62.400000000000006,New
15237,61.85,Churned,61.85,Churned
14491,61.8,Churned,53.62500000000001,Churned
15667,61.2,New,58.425000000000004,New
12951,60.75000000000001,Churned,60.75000000000001,Churned
12638,60.74,New,60.74,New
13294,60.599999999999994,Churned,60.599999999999994,Churned
13983,60.300000000000004,Churned,60.300000000000004,Churned
12811,59.849999999999994,Churned,59.849999999999994,Churned
17557,59.400000000000006,New,38.62500000000001,New
17179,58.1,Churned,55.22500000000001,Churned
15810,57.75,Churned,57.75,Churned
13365,57.65,New,56.47500000000001,New
15589,57.6,Churned,57.6,Churned
14923,56.29,New,56.29,New
15288,56.15,Churned,43.775000000000006,Churned
16037,55.8,Churned,55.8,Churned
14584,55.57,Churned,55.57,Churned
17761,55.5,New,55.5,New
14231,55.35000000000001,Churned,55.35000000000001,Churned
13162,54.45,Churned,54.45,Churned
14154,54.3,Churned,54.3,Churned
16010,53.79,Churned,53.79,Churned
14672,53.3,Churned,53.3,Churned
12372,53.279999999999994,Churned,53.279999999999994,Churned
17201,52.199999999999996,New,38.62500000000001,New
13715,52.1,Churned,52.1,Churned
15665,52.0,Churned,52.0,Churned
16571,52.0,Churned,52.0,Churned
17204,51.300000000000004,Churned,51.300000000000004,Churned
14758,50.7,Churned,50.7,Churned
12693,50.550000000000004,Churned,50.550000000000004,Churned
12728,50.400000000000006,Churned,50.400000000000006,Churned
13012,50.400000000000006,Churned,50.400000000000006,Churned
15246,50.400000000000006,Churned,50.400000000000006,Churned
13564,50.050000000000004,Churned,50.050000000000004,Churned
12868,50.04,Churned,50.04,Churned
15994,49.92,New,38.62500000000001,New
17442,49.8,Churned,49.8,Churned
14958,49.75,Churned,49.75,Churned
12493,49.5,Churned,49.5,Churned
14669,48.9,Churned,48.9,Churned
18181,48.65,New,48.65,New
12601,48.31999999999999,Churned,48.31999999999999,Churned
15898,48.1,Churned,48.1,Churned
15252,48.0,New,48.0,New
13476,47.85,Churned,47.85,Churned
14770,47.519999999999996,Churned,47.519999999999996,Churned
14841,47.4,New,47.4,New
12940,46.95,New,46.95,New
14761,46.8,New,38.62500000000001,New
13497,45.60000000000001,Churned,45.60000000000001,Churned
16980,45.45,Churned,45.45,Churned
17878,45.36,New,45.36,New
14700,45.0,New,45.0,New
14276,44.7,Churned,44.7,Churned
13659,44.25,Churned,44.25,Churned
18022,44.0,New,44.0,New
14910,43.94,New,43.94,New
12383,43.6,Churned,43.6,Churned
12479,43.2,New,43.2,New
12743,42.629999999999995,Churned,42.629999999999995,Churned
14524,42.2,Churned,42.2,Churned
17806,42.18,New,42.18,New
15624,41.82000000000001,Churned,41.82000000000001,Churned
15755,41.72,Churned,41.72,Churned
15164,41.69,Churned,41.69,Churned
17324,41.25,New,41.25,New
15157,40.96,Churned,40.96,Churned
16493,40.2,Churned,40.2,Churned
13320,40.120000000000005,Churned,40.120000000000005,Churned
18237,40.05,Churned,40.05,Churned
15312,39.96,Churned,39.96,Churned
16725,39.85,Churned,39.85,Churned
16383,39.84,Churned,39.84,Churned
13055,39.7,Churned,39.7,Churned
14696,39.7,Churned,39.7,Churned
17010,39.6,New,38.62500000000001,New
17985,39.6,New,38.62500000000001,New
15071,39.599999999999994,Churned,39.599999999999994,Churned
16833,39.5,New,39.5,New
17299,39.2,Churned,39.2,Churned
13813,38.699999999999996,Churned,38.699999999999996,Churned
12915,38.4,Churned,38.4,Churned
14628,38.28,Churned,38.28,Churned
12795,38.25,New,38.25,New
16983,38.22,Churned,38.22,Churned
13117,38.129999999999995,Churned,38.129999999999995,Churned
17869,38.1,Churned,38.1,Churned
18161,37.739999999999995,Churned,37.739999999999995,Churned
12649,37.5,Churned,37.5,Churned
15737,37.5,Churned,37.5,Churned
16091,37.3,Churned,37.3,Churned
16076,36.96,Churned,36.96,Churned
16948,36.480000000000004,Churned,36.480000000000004,Churned
16309,36.3,Churned,36.3,Churned
13037,35.45,Churned,35.45,Churned
13153,35.400000000000006,New,35.400000000000006,New
17926,35.400000000000006,Churned,35.400000000000006,Churned
12722,35.4,Churned,35.4,Churned
16350,35.1,Churned,35.1,Churned
16341,34.91,Churned,34.91,Churned
12885,34.900000000000006,Churned,34.900000000000006,Churned
14217,34.8,Churned,34.8,Churned
17950,34.5,Churned,34.5,Churned
15762,34.4,Churned,34.4,Churned
14916,34.31999999999999,Churned,34.31999999999999,Churned
15192,34.050000000000004,Churned,34.050000000000004,Churned
16031,33.25,Churned,33.25,Churned
15117,33.0,New,33.0,New
15238,32.7,Churned,32.7,Churned
15232,32.46,Churned,32.46,Churned
16808,32.24,Churned,32.24,Churned
17921,31.95,Churned,31.95,Churned
16788,31.83,Churned,31.83,Churned
13728,31.2,Churned,31.2,Churned
17265,31.02,Churned,31.02,Churned
14878,30.84,Churned,30.84,Churned
12531,30.8,New,30.8,New
15567,30.72,New,30.72,New
13972,30.560000000000002,Churned,30.560000000000002,Churned
12658,30.299999999999997,New,30.299999999999997,New
15038,30.15,Churned,30.15,Churned
15951,30.02,New,30.02,New
13705,30.0,New,30.0,New
17727,29.88,New,29.88,New
14651,29.78,Churned,29.78,Churned
17247,29.770000000000003,New,29.770000000000003,New
15996,29.65,Churned,29.65,Churned
17731,29.5,Churned,29.5,Churned
15889,29.24,Churned,29.24,Churned
17765,29.1,Churned,29.1,Churned
16206,29.07,Churned,29.07,Churned
17126,28.34,Churned,28.34,Churned
12778,28.200000000000003,Churned,28.200000000000003,Churned
13317,28.200000000000003,Churned,28.200000000000003,Churned
17636,27.660000000000004,New,27.660000000000004,New
16572,27.650000000000002,Churned,27.650000000000002,Churned
12994,27.5,Churned,27.5,Churned
18204,27.45,Churned,27.45,Churned
18196,27.22,Churned,27.22,Churned
15701,26.55,Churned,26.55,Churned
15053,26.0,Churned,26.0,Churned
15393,25.200000000000003,New,25.200000000000003,New
15520,25.200000000000003,New,25.200000000000003,New
15626,25.2,Churned,25.2,Churned
15634,25.2,New,25.2,New
12953,25.0,New,25.0,New
16638,24.84,Churned,24.84,Churned
17786,24.82,Churned,24.82,Churned
16906,24.54,Churned,24.54,Churned
13253,24.36,Churned,24.36,Churned
16200,24.05,New,24.05,New
17370,24.0,Churned,24.0,Churned
14093,23.85,New,23.85,New
16528,23.520000000000003,New,23.520000000000003,New
12676,23.4,Churned,23.4,Churned
17144,23.4,New,23.4,New
17229,23.29,Churned,23.29,Churned
16062,23.28,Churned,23.28,Churned
17759,23.18,New,23.18,New
17312,22.95,Churned,22.95,Churned
12820,22.560000000000002,Churned,22.560000000000002,Churned
13787,22.47,Churned,22.47,Churned
17734,22.439999999999998,Churned,22.439999999999998,Churned
13155,22.1,Churned,22.1,Churned
13427,21.9,Churned,21.9,Churned
17379,21.7,New,21.7,New
17779,21.61,Churned,21.61,Churned
12854,21.6,Churned,21.6,Churned
16014,21.4,Churned,21.4,Churned
16777,21.25,Churned,21.25,Churned
12628,20.8,New,20.8,New
13332,20.8,New,20.8,New
14859,20.8,New,20.8,New
15187,20.8,New,20.8,New
16620,20.8,New,20.8,New
16324,20.32,Churned,20.32,Churned
16918,20.32,Churned,20.32,Churned
16668,20.28,New,20.28,New
17306,19.92,New,19.92,New
17767,19.86,New,19.86,New
12660,19.799999999999997,New,19.799999999999997,New
13827,19.099999999999998,Churned,19.099999999999998,Churned
17267,18.95,Churned,18.95,Churned
13428,18.58,New,18.58,New
15024,18.4,Loyal,18.4,Loyal
15407,18.13,Loyal,18.13,Loyal
16008,17.8,Loyal,17.8,Loyal
16770,17.740000000000002,Loyal,17.740000000000002,Loyal
15048,16.45,Churned,16.45,Churned
17999,15.4,Loyal,15.4,Loyal
12556,15.350000000000001,Loyal,15.350000000000001,Loyal
14514,15.27,Loyal,15.27,Loyal
16916,14.8,Loyal,14.8,Loyal
18043,14.77,Loyal,14.77,Loyal
18123,13.74,Loyal,13.74,Loyal
15028,12.469999999999999,Loyal,12.469999999999999,Loyal
18036,11.7,Loyal,11.7,Loyal
17081,11.17,Loyal,11.17,Loyal
12838,10.100000000000001,Loyal,10.100000000000001,Loyal
17289,10.0,Loyal,10.0,Loyal
16775,9.899999999999999,Loyal,9.899999999999999,Loyal
14716,8.14,Loyal,8.14,Loyal
17886,7.7,Loyal,7.7,Loyal
14179,7.48,Loyal,7.48,Loyal
13544,7.1,Loyal,7.1,Loyal
16960,5.8,Loyal,5.8,Loyal
15545,5.05,Loyal,5.05,Loyal
15522,5.04,Loyal,5.04,Loyal
14995,4.69,Loyal,4.69,Loyal
17771,4.63,Loyal,4.63,Loyal
15749,3380.0,Churned,38.62500000000001,Churned
17152,558.0,Churned,38.62500000000001,Churned
16754,518.4,Churned,38.62500000000001,Churned
17414,390.0,Churned,38.62500000000001,Churned
13029,382.5,Churned,38.62500000000001,Churned
17029,358.0,Churned,38.62500000000001,Churned
15797,331.20000000000005,Churned,38.62500000000001,Churned
15032,330.0,Churned,77.25000000000001,Churned
15935,308.82,Churned,38.62500000000001,Churned
15649,306.0,Churned,38.62500000000001,Churned
14101,299.46000000000004,Churned,77.25000000000001,Churned
14045,244.79999999999998,Churned,38.62500000000001,Churned
12967,238.8,Churned,85.05000000000001,Churned
16365,228.6,Churned,38.62500000000001,Churned
17391,203.52,Churned,38.62500000000001,Churned
12590,203.4,Churned,38.62500000000001,Churned
16927,201.6,Churned,38.62500000000001,Churned
13027,192.0,Churned,38.62500000000001,Churned
16377,180.0,Churned,38.62500000000001,Churned
17597,179.44,Churned,128.13000000000002,Churned
14477,179.0,Churned,38.62500000000001,Churned
12355,165.3,Churned,83.92500000000001,Churned
14616,158.4,Churned,38.62500000000001,Churned
17060,152.64000000000001,Churned,38.62500000000001,Churned
16692,150.0,Churned,38.62500000000001,Churned
12818,147.0,Churned,77.25000000000001,Churned
12669,144.6,Churned,75.22500000000001,Churned
16917,138.0,Churned,54.22500000000001,Churned
12356,133.4,Churned,77.25000000000001,Churned
13328,132.48,Churned,48.705000000000005,Churned
16966,125.88,Churned,77.25000000000001,Churned
12501,123.85,Churned,123.85,Churned
17937,122.39999999999999,Churned,38.62500000000001,Churned
14352,120.72000000000001,Churned,120.72000000000001,Churned
13311,103.45000000000002,Churned,71.275,Churned
13748,102.0,Churned,38.62500000000001,Churned
15341,102.0,Churned,38.62500000000001,Churned
15782,102.0,Churned,38.62500000000001,Churned
12521,101.4,Churned,98.42500000000001,Churned
15587,100.80000000000001,Churned,38.62500000000001,Churned
13422,100.68,Churned,100.68,Churned
15050,98.49000000000001,Churned,92.11500000000001,Churned
14317,97.0,Churned,69.625,Churned
16902,96.85000000000001,Churned,38.62500000000001,Churned
13388,93.15,Churned,81.82500000000002,Churned
13639,88.80000000000001,Churned,74.32500000000002,Churned
15205,87.6,Churned,38.62500000000001,Churned
15364,87.4,Churned,55.22500000000001,Churned
16653,87.1,Churned,87.1,Churned
14737,86.7,Churned,38.62500000000001,Churned
17805,85.92,Churned,38.62500000000001,Churned
14676,84.48,Churned,53.745000000000005,Churned
15947,80.80000000000001,Churned,80.80000000000001,Churned
15480,79.9,Churned,79.9,Churned
17172,74.88,Churned,66.70500000000001,Churned
12420,74.45,Churned,73.275,Churned
16083,72.0,Churned,38.62500000000001,Churned
16450,70.80000000000001,Churned,38.62500000000001,Churned
14918,69.6,Churned,68.625,Churned
14560,69.36,Churned,38.62500000000001,Churned
16758,69.3,Churned,38.62500000000001,Churned
18215,67.74000000000001,Churned,55.965,Churned
15807,66.66,Churned,66.66,Churned
13430,65.92,Churned,65.92,Churned
14757,65.56,Churned,63.62500000000001,Churned
15978,65.56,Churned,65.56,Churned
14885,65.4,Churned,59.025000000000006,Churned
16344,65.4,Churned,38.62500000000001,Churned
13359,65.0,Churned,53.62500000000001,Churned
12756,61.199999999999996,Churned,38.62500000000001,Churned
16054,61.05,Churned,61.05,Churned
14014,60.0,Churned,60.0,Churned
15652,60.0,Churned,60.0,Churned
16108,59.04,Churned,59.04,Churned
16573,58.8,Churned,58.8,Churned
16036,58.75,Churned,58.75,Churned
14645,57.78,Churned,57.78,Churned
17037,57.3,Churned,57.3,Churned
17475,54.9,Churned,54.9,Churned
16122,53.64,Churned,53.64,Churned
13390,53.4,Churned,53.4,Churned
14753,52.3,Churned,52.3,Churned
17637,51.879999999999995,Churned,51.879999999999995,Churned
13752,51.699999999999996,Churned,49.525000000000006,Churned
16229,51.35,Churned,51.35,Churned
18170,50.65,Churned,50.65,Churned
12922,50.400000000000006,Churned,50.400000000000006,Churned
12739,50.39999999999999,Churned,50.39999999999999,Churned
14305,50.28,Churned,50.28,Churned
16480,50.2,Churned,50.2,Churned
16859,50.06,Churned,50.06,Churned
14261,50.059999999999995,Churned,50.059999999999995,Churned
18173,49.92,Churned,38.62500000000001,Churned
16803,49.8,Churned,49.8,Churned
16183,49.68,Churned,49.68,Churned
14739,49.5,Churned,38.62500000000001,Churned
15255,49.5,Churned,49.5,Churned
15766,48.9,Churned,48.9,Churned
16364,48.300000000000004,Churned,48.300000000000004,Churned
16101,48.24,Churned,48.24,Churned
15342,47.709999999999994,Churned,47.709999999999994,Churned
12716,47.7,Churned,47.7,Churned
13799,47.5,Churned,47.5,Churned
13169,46.8,Churned,38.62500000000001,Churned
15815,46.8,Churned,38.62500000000001,Churned
15074,46.5,Churned,46.5,Churned
12965,46.3,Churned,46.3,Churned
16147,46.0,Churned,46.0,Churned
14473,45.60000000000001,Churned,45.60000000000001,Churned
14129,45.599999999999994,Churned,45.599999999999994,Churned
12794,45.0,Churned,45.0,Churned
13635,45.0,Churned,38.62500000000001,Churned
14427,45.0,Churned,38.62500000000001,Churned
16828,45.0,Churned,45.0,Churned
17320,43.35000000000001,Churned,43.35000000000001,Churned
12398,43.28,New,43.28,New
12374,43.2,New,43.2,New
17712,42.5,New,42.5,New
18006,42.45,New,42.45,New
17425,42.4,New,42.4,New
12667,42.36000000000001,New,42.36000000000001,New
13900,41.96,Churned,41.96,Churned
15695,41.1,Churned,41.1,Churned
13240,40.800000000000004,Churned,40.800000000000004,Churned
12371,40.8,New,40.8,New
13669,40.8,New,38.62500000000001,New
14937,40.68,New,38.62500000000001,New
15468,40.6,New,40.6,New
12544,40.5,New,40.5,New
14481,40.5,Churned,40.5,Churned
17403,40.080000000000005,New,40.080000000000005,New
13878,39.72,New,39.72,New
15553,38.43,New,38.43,New
15514,37.92,Churned,37.92,Churned
15353,37.85,Churned,37.85,Churned
13265,37.8,Churned,37.8,Churned
13919,37.8,New,37.8,New
13376,37.7,Churned,37.7,Churned
17796,37.550000000000004,Churned,37.550000000000004,Churned
16250,37.5,Churned,37.5,Churned
15275,37.120000000000005,New,37.120000000000005,New
16043,36.75,Churned,36.75,Churned
14357,36.690000000000005,New,36.690000000000005,New
14692,36.599999999999994,Churned,36.599999999999994,Churned
13805,36.480000000000004,New,36.480000000000004,New
13607,36.3,New,36.3,New
17358,36.120000000000005,Churned,36.120000000000005,Churned
15344,35.8,New,35.8,New
17460,35.8,Churned,35.8,Churned
13327,35.699999999999996,Churned,35.699999999999996,Churned
17162,35.599999999999994,Churned,35.599999999999994,Churned
12617,35.5,New,35.5,New
15678,35.400000000000006,New,35.400000000000006,New
18088,35.4,New,35.4,New
15644,35.19,Churned,35.19,Churned
16431,35.0,Churned,35.0,Churned
17510,34.8,New,34.8,New
12423,34.379999999999995,Churned,34.379999999999995,Churned
14216,33.9,New,33.9,New
12843,33.660000000000004,Churned,33.660000000000004,Churned
14517,33.6,New,33.6,New
17890,33.55,Churned,33.55,Churned
14382,33.51,New,33.51,New
15214,33.5,Churned,33.5,Churned
14998,33.1,Churned,33.1,Churned
17223,33.07,Churned,33.07,Churned
14620,33.0,Churned,33.0,Churned
15821,33.0,New,33.0,New
17351,33.0,New,33.0,New
13637,32.800000000000004,Churned,32.800000000000004,Churned
16217,32.7,Churned,32.7,Churned
17125,32.519999999999996,New,32.519999999999996,New
14474,32.5,New,32.5,New
17357,32.43,New,32.43,New
18239,32.4,Churned,32.4,Churned
16298,32.34,New,32.34,New
14465,32.13,Churned,32.13,Churned
17374,31.8,Churned,31.8,Churned
13817,30.900000000000002,New,30.900000000000002,New
14135,30.9,Churned,30.9,Churned
13951,30.52,Churned,30.52,Churned
18164,30.02,New,30.02,New
13396,30.0,New,30.0,New
13524,30.0,New,30.0,New
13695,30.0,New,30.0,New
18205,30.0,New,30.0,New
17684,29.999999999999996,New,29.999999999999996,New
14512,29.95,Churned,29.95,Churned
14725,29.95,New,29.95,New
14528,29.88,New,29.88,New
13467,29.77,New,29.77,New
14475,29.7,Churned,29.7,Churned
15677,29.7,New,29.7,New
16855,29.6,New,29.6,New
14385,29.3,New,29.3,New
13449,29.08,New,29.08,New
15450,28.200000000000003,New,28.200000000000003,New
12772,28.050000000000004,New,28.050000000000004,New
16018,27.900000000000002,New,27.900000000000002,New
15478,27.8,New,27.8,New
17897,27.720000000000002,Churned,27.720000000000002,Churned
17472,27.6,Churned,27.6,Churned
14019,27.599999999999998,New,27.599999999999998,New
14666,27.0,New,27.0,New
16361,26.9,New,26.9,New
17398,26.700000000000003,Churned,26.700000000000003,Churned
12446,26.5,New,26.5,New
13278,26.5,New,26.5,New
17994,26.1,Churned,26.1,Churned
14975,25.7,New,25.7,New
14799,25.659999999999997,New,25.659999999999997,New
12532,25.200000000000003,New,25.200000000000003,New
16982,25.200000000000003,New,25.200000000000003,New
13822,25.099999999999998,New,25.099999999999998,New
15066,24.990000000000002,New,24.990000000000002,New
14027,24.96,New,24.96,New
17206,24.96,New,24.96,New
18232,24.9,Churned,24.9,Churned
16518,24.57,New,24.57,New
18059,24.36,New,24.36,New
13232,24.1,Churned,24.1,Churned
16056,23.9,New,23.9,New
12475,23.6,New,23.6,New
13318,23.400000000000002,New,23.400000000000002,New
16171,23.4,New,23.4,New
13464,23.0,New,23.0,New
15598,23.0,New,23.0,New
15000,22.9,New,22.9,New
15720,22.63,New,22.63,New
15184,22.55,New,22.55,New
15010,22.5,New,22.5,New
16848,22.5,New,22.5,New
17454,22.45,Churned,22.45,Churned
14081,22.32,Churned,22.32,Churned
17795,22.05,Churned,22.05,Churned
15620,21.98,Churned,21.98,Churned
13917,21.96,New,21.96,New
12611,21.72,New,21.72,New
18042,21.45,New,21.45,New
17214,21.3,Churned,21.3,Churned
16805,21.150000000000002,Churned,21.150000000000002,Churned
17062,21.0,Churned,21.0,Churned
13868,20.8,New,20.8,New
16639,20.8,New,20.8,New
17063,20.8,New,20.8,New
17420,20.8,New,20.8,New
17912,20.8,Churned,20.8,Churned
13455,20.4,New,20.4,New
16179,20.28,New,20.28,New
15535,20.25,Churned,20.25,Churned
12824,20.159999999999997,New,20.159999999999997,New
18252,20.15,New,20.15,New
15006,20.1,New,20.1,New
13272,19.9,New,19.9,New
14582,19.9,New,19.9,New
15847,19.9,New,19.9,New
15957,19.9,New,19.9,New
17495,19.9,New,19.9,New
17520,19.9,New,19.9,New
16127,19.8,New,19.8,New
13091,19.799999999999997,New,19.799999999999997,New
13352,19.799999999999997,New,19.799999999999997,New
13726,19.799999999999997,New,19.799999999999997,New
14139,19.799999999999997,New,19.799999999999997,New
14744,19.799999999999997,New,19.799999999999997,New
15597,19.799999999999997,New,19.799999999999997,New
18154,19.799999999999997,New,19.799999999999997,New
18169,19.799999999999997,New,19.799999999999997,New
18168,19.75,Churned,19.75,Churned
17653,19.56,New,19.56,New
17392,19.3,Churned,19.3,Churned
17458,18.23,New,18.23,New
17253,18.15,New,18.15,New
14539,18.0,New,18.0,New
13079,17.700000000000003,New,17.700000000000003,New
14703,17.700000000000003,New,17.700000000000003,New
12445,17.4,New,17.4,New
15561,17.4,New,17.4,New
17100,17.4,New,17.4,New
15239,17.34,New,17.34,New
17341,17.31,Churned,17.31,Churned
12701,17.28,Churned,17.28,Churned
12702,17.0,New,17.0,New
12952,17.0,New,17.0,New
17828,17.0,New,17.0,New
17935,16.82,Churned,16.82,Churned
13828,16.6,New,16.6,New
13301,16.45,Churned,16.45,Churned
14960,16.25,New,16.25,New
13565,15.9,New,15.9,New
15297,15.8,New,15.8,New
14593,15.639999999999999,New,15.639999999999999,New
14675,15.61,New,15.61,New
18156,15.45,New,15.45,New
17383,15.399999999999999,New,15.399999999999999,New
16956,15.299999999999999,New,15.299999999999999,New
14480,15.0,New,15.0,New
14788,15.0,New,15.0,New
18112,15.0,New,15.0,New
14362,14.83,New,14.83,New
12904,14.7,New,14.7,New
15872,14.2,New,14.2,New
17429,14.16,Churned,14.16,Churned
16682,14.040000000000001,New,14.040000000000001,New
15581,13.85,Churned,13.85,Churned
17523,13.8,New,13.8,New
13349,13.200000000000001,New,13.200000000000001,New
15857,13.200000000000001,New,13.200000000000001,New
17936,13.12,New,13.12,New
17914,13.08,New,13.08,New
16024,12.85,New,12.85,New
13417,12.48,New,12.48,New
15471,12.45,New,12.45,New
13821,12.4,Churned,12.4,Churned
15334,12.39,Churned,12.39,Churned
17966,12.15,Churned,12.15,Churned
17432,11.95,New,11.95,New
17911,11.72,New,11.72,New
16750,11.7,Churned,11.7,Churned
13548,11.459999999999999,Churned,11.459999999999999,Churned
15904,11.25,New,11.25,New
17384,11.25,New,11.25,New
17561,11.2,New,11.2,New
17373,10.95,Churned,10.95,Churned
14396,10.75,Churned,10.75,Churned
13436,10.5,New,10.5,New
13790,10.439999999999998,New,10.439999999999998,New
16368,10.36,New,10.36,New
13247,10.2,New,10.2,New
14300,10.2,New,10.2,New
14860,10.2,New,10.2,New
15097,10.2,New,10.2,New
15969,10.2,New,10.2,New
17905,10.149999999999999,Churned,10.149999999999999,Churned
18005,10.0,New,10.0,New
15036,9.98,Churned,9.98,Churned
12784,9.9,New,9.9,New
15725,9.9,New,9.9,New
17835,9.9,New,9.9,New
13028,9.36,New,9.36,New
15274,9.36,New,9.36,New
17931,9.15,Churned,9.15,Churned
17885,9.14,New,9.14,New
15877,8.8,New,8.8,New
12989,8.67,New,8.67,New
14087,8.549999999999999,New,8.549999999999999,New
17461,8.29,New,8.29,New
15540,7.9,New,7.9,New
17297,7.840000000000001,New,7.840000000000001,New
14511,7.800000000000001,New,7.800000000000001,New
16374,7.710000000000001,Churned,7.710000000000001,Churned
14954,7.6,New,7.6,New
15483,7.16,Churned,7.16,Churned
13322,7.15,New,7.15,New
13960,6.959999999999999,New,6.959999999999999,New
14893,6.959999999999999,New,6.959999999999999,New
16406,6.21,New,6.21,New
14052,5.9,New,5.9,New
14067,5.85,Churned,5.85,Churned
15988,5.5,New,5.5,New
12650,5.04,New,5.04,New
16949,5.04,New,5.04,New
14578,4.95,New,4.95,New
18015,4.25,New,4.25,New
15790,4.0600000000000005,New,4.0600000000000005,New
17385,3.75,New,3.75,New
12920,3.4,New,3.4,New
14452,2.95,New,2.95,New
16411,2.95,New,2.95,New
17286,2.94,New,2.94,New
16624,2.9,Churned,2.9,Churned
15920,2.88,Churned,2.88,Churned
14034,2.78,New,2.78,New
15721,2.7,New,2.7,New
16666,2.6700000000000004,New,2.6700000000000004,New
14966,2.5,New,2.5,New
15539,2.1,New,2.1,New
12936,1.65,New,1.65,New
13685,1.58,New,1.58,New
15645,1.56,New,1.56,New
13780,1.3,New,1.3,New
17301,0.58,New,0.58,New
17397,0.42,New,0.42,New
17772,0.42,New,0.42,New
18127,0.42,New,0.42,New
15332,104.1,Churned,96.75000000000001,Churned
12643,102.0,Churned,38.62500000000001,Churned
16146,102.0,Churned,38.62500000000001,Churned
16660,101.76,Churned,38.62500000000001,Churned
16209,100.80000000000001,Churned,38.62500000000001,Churned
13703,99.5,Churned,38.62500000000001,Churned
12817,99.4,Churned,77.25000000000001,Churned
13235,99.24000000000001,Churned,78.465,Churned
17929,98.10000000000001,Churned,38.62500000000001,Churned
15400,97.5,Churned,38.62500000000001,Churned
13151,93.2,Churned,93.2,Churned
14828,92.5,Churned,38.62500000000001,Churned
16405,92.4,Churned,38.62500000000001,Churned
12507,90.0,Churned,38.62500000000001,Churned
13722,89.25,Churned,89.25,Churned
15057,87.6,Churned,65.025,Churned
16398,84.72999999999999,Churned,84.72999999999999,Churned
15303,82.6,Churned,82.6,Churned
16131,81.84,Churned,68.625,Churned
13496,79.75000000000001,Churned,47.575,Churned
17282,78.09,Churned,56.71500000000001,Churned
14229,76.5,Churned,38.62500000000001,Churned
16658,74.34,Churned,43.665000000000006,Churned
12564,73.5,Churned,73.5,Churned
14962,70.2,Churned,38.62500000000001,Churned
15704,69.4,Churned,48.62500000000001,Churned
16256,69.12,Churned,38.62500000000001,Churned
13243,68.84,Churned,68.84,Churned
13501,68.48,Churned,68.48,Churned
15069,68.46000000000001,Churned,68.46000000000001,Churned
15939,67.5,Churned,38.62500000000001,Churned
14206,67.19999999999999,Churned,67.19999999999999,Churned
14105,67.14,Churned,67.14,Churned
13819,66.0,Churned,38.62500000000001,Churned
16222,63.690000000000005,Churned,63.690000000000005,Churned
14403,62.5,Churned,38.62500000000001,Churned
13357,61.08,Churned,61.08,Churned
17582,60.85,Churned,39.47500000000001,Churned
13731,60.7,Churned,60.7,Churned
13062,60.48,Churned,38.62500000000001,Churned
12353,59.699999999999996,Churned,58.525000000000006,Churned
15204,59.400000000000006,Churned,38.62500000000001,Churned
15062,59.300000000000004,Churned,59.300000000000004,Churned
13115,58.14,Churned,58.14,Churned
15090,58.019999999999996,Churned,58.019999999999996,Churned
18106,58.0,Churned,58.0,Churned
16249,57.300000000000004,Churned,56.32500000000001,Churned
18250,55.60000000000001,Churned,55.60000000000001,Churned
16766,55.2,Churned,55.2,Churned
13874,55.1,Churned,55.1,Churned
14460,54.96,Churned,54.96,Churned
12764,54.9,Churned,53.925000000000004,Churned
14222,53.3,Churned,53.3,Churned
16546,53.1,Churned,38.62500000000001,Churned
16038,52.4,Churned,52.4,Churned
16235,52.31,Churned,52.31,Churned
12852,52.199999999999996,Churned,52.199999999999996,Churned
14237,51.6,Churned,51.6,Churned
17976,51.55,Churned,51.55,Churned
13262,51.0,Churned,38.62500000000001,Churned
17256,50.699999999999996,Churned,38.62500000000001,Churned
15636,50.400000000000006,Churned,50.400000000000006,Churned
16858,50.400000000000006,Churned,38.62500000000001,Churned
17457,50.4,Churned,38.62500000000001,Churned
17709,49.95,Churned,38.62500000000001,Churned
12866,49.75,Churned,38.62500000000001,Churned
16781,49.5,Churned,49.5,Churned
13898,49.4,Churned,49.4,Churned
12878,47.3,Churned,47.3,Churned
16938,47.3,Churned,47.3,Churned
15832,47.099999999999994,Churned,47.099999999999994,Churned
13802,46.8,Churned,38.62500000000001,Churned
15464,46.77,Churned,46.77,Churned
17486,46.05,Churned,46.05,Churned
12849,45.599999999999994,Churned,45.599999999999994,Churned
15421,45.54,Churned,45.54,Churned
15880,45.5,Churned,45.5,Churned
14288,45.0,Churned,38.62500000000001,Churned
15606,45.0,Churned,38.62500000000001,Churned
18048,45.0,Churned,38.62500000000001,Churned
16621,44.95,Churned,44.95,Churned
14497,44.56,Churned,44.56,Churned
15257,44.099999999999994,Churned,44.099999999999994,Churned
13107,43.8,Churned,43.8,Churned
13611,43.5,Churned,43.5,Churned
13356,43.2,Churned,43.2,Churned
12513,42.3,Churned,42.3,Churned
17447,42.04,Churned,42.04,Churned
16053,41.76,Churned,41.76,Churned
12612,41.7,Churned,38.62500000000001,Churned
14050,41.2,Churned,41.2,Churned
14965,41.05,Churned,41.05,Churned
17311,40.8,Churned,40.8,Churned
12642,40.2,Churned,40.2,Churned
13347,39.599999999999994,Churned,38.62500000000001,Churned
16536,37.87,Churned,37.87,Churned
15942,37.800000000000004,Churned,37.800000000000004,Churned
15111,37.8,Churned,37.8,Churned
13016,37.620000000000005,Churned,37.620000000000005,Churned
12381,37.26,Churned,37.26,Churned
15182,35.8,Churned,35.8,Churned
15776,35.46,Churned,35.46,Churned
14815,35.0,Churned,35.0,Churned
13583,34.22,Churned,34.22,Churned
13812,34.2,Churned,34.2,Churned
12740,34.0,Churned,34.0,Churned
17647,34.0,Churned,34.0,Churned
13330,33.9,Churned,33.9,Churned
15829,33.599999999999994,Churned,33.599999999999994,Churned
14331,33.5,Churned,33.5,Churned
12458,33.0,Churned,33.0,Churned
15216,33.0,Churned,33.0,Churned
16589,32.7,Churned,32.7,Churned
14407,32.64,Churned,32.64,Churned
13953,32.400000000000006,Churned,32.400000000000006,Churned
18228,32.0,Churned,32.0,Churned
13699,31.8,Churned,31.8,Churned
16681,31.8,Churned,31.8,Churned
13325,31.5,Churned,31.5,Churned
13759,30.919999999999998,Churned,30.919999999999998,Churned
17054,30.9,Churned,30.9,Churned
14024,30.599999999999998,Churned,30.599999999999998,Churned
16574,30.599999999999998,Churned,30.599999999999998,Churned
14857,30.5,Churned,30.5,Churned
12566,30.479999999999997,Churned,30.479999999999997,Churned
12390,30.299999999999997,Churned,30.299999999999997,Churned
16693,30.299999999999997,Churned,30.299999999999997,Churned
15372,30.24,Churned,30.24,Churned
13756,30.0,Churned,30.0,Churned
13930,30.0,Churned,30.0,Churned
14133,30.0,Churned,30.0,Churned
14687,30.0,Churned,30.0,Churned
15091,30.0,Churned,30.0,Churned
16761,30.0,Churned,30.0,Churned
17513,30.0,Churned,30.0,Churned
17919,30.0,Churned,30.0,Churned
15264,29.999999999999996,Churned,29.999999999999996,Churned
13075,29.880000000000003,Churned,29.880000000000003,Churned
17521,29.85,Churned,29.85,Churned
13889,29.700000000000003,Churned,29.700000000000003,Churned
13925,29.700000000000003,Churned,29.700000000000003,Churned
18248,29.700000000000003,Churned,29.700000000000003,Churned
17222,29.340000000000003,Churned,29.340000000000003,Churned
15958,29.25,Churned,29.25,Churned
14013,28.919999999999998,Churned,28.919999999999998,Churned
15975,27.700000000000003,Churned,27.700000000000003,Churned
17498,27.6,Churned,27.6,Churned
17040,27.3,Churned,27.3,Churned
13804,27.299999999999997,Churned,27.299999999999997,Churned
13851,27.08,Churned,27.08,Churned
17321,26.599999999999998,Churned,26.599999999999998,Churned
13354,26.4,Churned,26.4,Churned
17070,26.349999999999998,Churned,26.349999999999998,Churned
13279,25.5,Churned,25.5,Churned
17584,25.5,Churned,25.5,Churned
13778,25.200000000000003,Churned,25.200000000000003,Churned
12418,25.2,Churned,25.2,Churned
15004,25.01,Churned,25.01,Churned
13032,24.96,Churned,24.96,Churned
14306,24.839999999999996,Churned,24.839999999999996,Churned
17736,24.450000000000003,Churned,24.450000000000003,Churned
13375,24.36,Churned,24.36,Churned
16978,24.34,Churned,24.34,Churned
15263,24.119999999999997,Churned,24.119999999999997,Churned
18121,23.75,Churned,23.75,Churned
12991,22.740000000000002,Churned,22.740000000000002,Churned
12550,22.6,Churned,22.6,Churned
14780,22.5,Churned,22.5,Churned
13730,22.04,Churned,22.04,Churned
17693,21.96,Churned,21.96,Churned
14869,21.21,Churned,21.21,Churned
12923,21.15,Churned,21.15,Churned
16723,20.89,Churned,20.89,Churned
12715,20.8,Churned,20.8,Churned
15417,20.8,Churned,20.8,Churned
15835,20.8,Churned,20.8,Churned
16169,20.8,Churned,20.8,Churned
16305,20.8,Churned,20.8,Churned
18188,20.8,Churned,20.8,Churned
14079,20.45,Churned,20.45,Churned
13321,20.4,Churned,20.4,Churned
16488,20.4,Churned,20.4,Churned
13200,20.279999999999998,Churned,20.279999999999998,Churned
17105,20.17,Churned,20.17,Churned
15895,20.16,Churned,20.16,Churned
12729,20.0,Churned,20.0,Churned
12789,19.95,Churned,19.95,Churned
15127,19.919999999999998,Churned,19.919999999999998,Churned
18147,19.919999999999998,Churned,19.919999999999998,Churned
15307,19.9,Churned,19.9,Churned
15706,19.9,Churned,19.9,Churned
15149,19.8,Churned,19.8,Churned
15343,19.8,Churned,19.8,Churned
16268,19.8,Churned,19.8,Churned
16950,19.8,Churned,19.8,Churned
18236,19.8,Churned,19.8,Churned
12641,19.799999999999997,Churned,19.799999999999997,Churned
12697,19.799999999999997,Churned,19.799999999999997,Churned
13236,19.799999999999997,Churned,19.799999999999997,Churned
13518,19.799999999999997,Churned,19.799999999999997,Churned
13720,19.799999999999997,Churned,19.799999999999997,Churned
15462,19.799999999999997,Churned,19.799999999999997,Churned
16139,19.799999999999997,Churned,19.799999999999997,Churned
16603,19.799999999999997,Churned,19.799999999999997,Churned
16667,19.2,Churned,19.2,Churned
15795,18.96,Churned,18.96,Churned
15154,18.45,Churned,18.45,Churned
14959,18.25,Churned,18.25,Churned
16903,18.15,New,18.15,New
14656,18.05,Churned,18.05,Churned
18117,18.0,New,18.0,New
15574,17.99,Churned,17.99,Churned
17233,17.9,New,17.9,New
13858,17.85,New,17.85,New
16313,17.700000000000003,New,17.700000000000003,New
16602,17.700000000000003,New,17.700000000000003,New
17973,17.46,New,17.46,New
12541,17.4,New,17.4,New
16688,17.4,New,17.4,New
14379,17.2,New,17.2,New
14161,17.1,Churned,17.1,Churned
14985,17.05,Churned,17.05,Churned
14158,17.04,New,17.04,New
13923,17.0,New,17.0,New
17623,17.0,New,17.0,New
17819,16.86,Churned,16.86,Churned
12602,16.8,New,16.8,New
15330,16.8,New,16.8,New
14039,16.5,New,16.5,New
16025,16.5,New,16.5,New
16423,16.5,New,16.5,New
16734,16.5,New,16.5,New
16883,16.35,Churned,16.35,Churned
18045,16.35,New,16.35,New
14078,15.9,Churned,15.9,Churned
16830,15.8,New,15.8,New
16243,15.799999999999999,New,15.799999999999999,New
16318,15.6,New,15.6,New
16352,15.6,New,15.6,New
17190,15.5,New,15.5,New
12783,15.299999999999999,New,15.299999999999999,New
15758,15.299999999999999,New,15.299999999999999,New
12408,15.0,New,15.0,New
12538,15.0,New,15.0,New
12588,15.0,New,15.0,New
12895,15.0,New,15.0,New
13040,15.0,New,15.0,New
13460,15.0,New,15.0,New
13974,15.0,New,15.0,New
14150,15.0,New,15.0,New
15110,15.0,New,15.0,New
15153,15.0,New,15.0,New
15556,15.0,New,15.0,New
15610,15.0,New,15.0,New
16337,15.0,New,15.0,New
16363,15.0,New,15.0,New
16491,15.0,New,15.0,New
17011,15.0,New,15.0,New
17041,15.0,New,15.0,New
17193,15.0,New,15.0,New
12491,14.850000000000001,New,14.850000000000001,New
16356,14.850000000000001,Churned,14.850000000000001,Churned
18211,14.850000000000001,New,14.850000000000001,New
15335,14.79,New,14.79,New
14953,14.56,New,14.56,New
15963,14.22,New,14.22,New
17764,14.149999999999999,New,14.149999999999999,New
14485,13.91,New,13.91,New
14553,13.7,Churned,13.7,Churned
15320,13.65,New,13.65,New
17459,13.54,New,13.54,New
12938,13.52,New,13.52,New
16936,13.52,New,13.52,New
16204,13.42,New,13.42,New
14174,13.4,New,13.4,New
13532,13.38,New,13.38,New
16563,13.16,New,13.16,New
14140,12.75,New,12.75,New
17785,12.75,New,12.75,New
14537,12.72,New,12.72,New
14387,12.600000000000001,New,12.600000000000001,New
16751,12.5,New,12.5,New
15865,12.48,New,12.48,New
16793,12.48,New,12.48,New
17148,12.48,New,12.48,New
15870,12.350000000000001,New,12.350000000000001,New
16372,12.2,New,12.2,New
13146,11.8,New,11.8,New
17793,11.75,New,11.75,New
13760,11.549999999999999,New,11.549999999999999,New
14173,11.25,New,11.25,New
17052,11.149999999999999,New,11.149999999999999,New
15918,10.95,Churned,10.95,Churned
18105,10.649999999999999,New,10.649999999999999,New
17078,10.57,New,10.57,New
15599,10.5,New,10.5,New
16759,10.5,New,10.5,New
13697,10.2,New,10.2,New
14544,10.2,New,10.2,New
15592,10.2,New,10.2,New
15986,10.2,New,10.2,New
18216,10.2,New,10.2,New
18082,10.08,New,10.08,New
16595,10.06,New,10.06,New
17614,9.96,New,9.96,New
16311,9.959999999999999,New,9.959999999999999,New
17279,9.95,New,9.95,New
16776,9.86,New,9.86,New
14598,9.509999999999998,New,9.509999999999998,New
17549,9.48,New,9.48,New
16971,9.39,New,9.39,New
18126,9.24,New,9.24,New
14801,9.2,New,9.2,New
17608,8.940000000000001,New,8.940000000000001,New
17849,8.9,Churned,8.9,Churned
16445,8.700000000000001,New,8.700000000000001,New
16104,8.4,New,8.4,New
14779,8.35,Churned,8.35,Churned
17219,8.32,New,8.32,New
13533,8.25,Churned,8.25,Churned
15355,8.25,New,8.25,New
14871,8.2,Churned,8.2,Churned
16504,8.129999999999999,New,8.129999999999999,New
17839,8.05,New,8.05,New
12448,7.75,New,7.75,New
13170,7.6499999999999995,New,7.6499999999999995,New
13176,7.550000000000001,New,7.550000000000001,New
17111,7.550000000000001,New,7.550000000000001,New
12993,6.959999999999999,New,6.959999999999999,New
14902,6.959999999999999,New,6.959999999999999,New
12844,6.95,New,6.95,New
17604,6.72,Churned,6.72,Churned
16412,6.6,New,6.6,New
16720,6.5,New,6.5,New
17181,6.35,New,6.35,New
16026,6.25,New,6.25,New
15863,6.24,New,6.24,New
13259,5.43,New,5.43,New
14381,5.05,New,5.05,New
16071,5.04,New,5.04,New
16648,5.04,New,5.04,New
16012,5.0,New,5.0,New
15883,4.95,New,4.95,New
16052,4.68,New,4.68,New
16386,4.57,New,4.57,New
13283,4.5600000000000005,New,4.5600000000000005,New
15990,4.2,New,4.2,New
16914,4.2,New,4.2,New
13271,3.9,New,3.9,New
16887,3.75,New,3.75,New
17791,3.75,New,3.75,New
14830,3.4,New,3.4,New
16932,3.3999999999999995,New,3.3999999999999995,New
12508,2.95,New,2.95,New
14585,2.9,New,2.9,New
14670,2.59,Churned,2.59,Churned
13603,2.52,New,2.52,New
13193,2.5,New,2.5,New
15025,2.5,New,2.5,New
16415,2.5,New,2.5,New
16753,2.5,New,2.5,New
16685,2.34,New,2.34,New
16921,2.31,New,2.31,New
15886,2.2,New,2.2,New
15516,2.1,New,2.1,New
16601,2.1,New,2.1,New
17038,2.1,New,2.1,New
13598,2.08,New,2.08,New
17832,2.0300000000000002,New,2.0300000000000002,New
17227,1.7,New,1.7,New
12893,1.65,New,1.65,New
14714,1.65,New,1.65,New
12890,1.25,New,1.25,New
17235,0.95,New,0.95,New
15014,0.85,New,0.85,New
17274,0.83,New,0.83,New
15326,43.59,Churned,43.59,Churned
16714,43.32,Churned,43.32,Churned
15433,42.2,Churned,42.2,Churned
12348,41.76,Churned,38.62500000000001,Churned
15219,41.400000000000006,Churned,38.62500000000001,Churned
12354,41.35,Churned,41.35,Churned
14851,41.1,Churned,41.1,Churned
17189,40.95,Churned,40.95,Churned
16424,40.56,Churned,38.62500000000001,Churned
13395,40.4,Churned,40.4,Churned
13652,40.2,Churned,40.2,Churned
13405,40.08,Churned,40.08,Churned
16185,39.95,Churned,39.95,Churned
13092,39.8,Churned,38.62500000000001,Churned
17499,39.8,Churned,38.62500000000001,Churned
16142,39.78,Churned,39.78,Churned
12414,39.6,Churned,38.62500000000001,Churned
16216,39.6,Churned,38.62500000000001,Churned
13929,39.599999999999994,Churned,38.62500000000001,Churned
16552,39.42,Churned,39.42,Churned
17760,38.5,Churned,38.5,Churned
14036,38.25,Churned,38.25,Churned
18230,37.800000000000004,Churned,37.800000000000004,Churned
13368,37.5,Churned,37.5,Churned
17708,37.45,Churned,37.45,Churned
12402,37.2,Churned,37.2,Churned
13229,37.2,Churned,37.2,Churned
17496,37.2,Churned,37.2,Churned
17517,37.2,Churned,37.2,Churned
15076,37.199999999999996,Churned,37.199999999999996,Churned
17115,36.9,Churned,36.9,Churned
15349,36.44,Churned,36.44,Churned
13065,36.15,Churned,36.15,Churned
17142,35.849999999999994,Churned,35.849999999999994,Churned
12857,35.7,Churned,35.7,Churned
17908,35.699999999999996,Churned,35.699999999999996,Churned
16471,35.550000000000004,Churned,35.550000000000004,Churned
16625,35.5,Churned,35.5,Churned
13572,35.400000000000006,Churned,35.400000000000006,Churned
14320,35.400000000000006,Churned,35.400000000000006,Churned
14272,35.4,Churned,35.4,Churned
16065,35.4,Churned,35.4,Churned
13899,35.1,Churned,35.1,Churned
16614,35.099999999999994,Churned,35.099999999999994,Churned
12790,34.980000000000004,Churned,34.980000000000004,Churned
15415,34.95,Churned,34.95,Churned
16378,34.8,Churned,34.8,Churned
13043,34.56,Churned,34.56,Churned
14327,34.5,Churned,34.5,Churned
15733,34.0,Churned,34.0,Churned
14762,33.900000000000006,Churned,33.900000000000006,Churned
14747,33.9,Churned,33.9,Churned
13221,33.85,Churned,33.85,Churned
17094,33.7,Churned,33.7,Churned
13358,33.57,Churned,33.57,Churned
13642,33.54,Churned,33.54,Churned
12802,33.5,Churned,33.5,Churned
14280,33.15,Churned,33.15,Churned
12515,33.1,Churned,33.1,Churned
13052,32.980000000000004,Churned,32.980000000000004,Churned
13707,32.85,Churned,32.85,Churned
14270,32.85,Churned,32.85,Churned
12413,32.7,Churned,32.7,Churned
13846,32.7,Churned,32.7,Churned
15346,32.550000000000004,Churned,32.550000000000004,Churned
13284,32.3,Churned,32.3,Churned
15225,32.0,Churned,32.0,Churned
15775,32.0,Churned,32.0,Churned
13803,31.699999999999996,Churned,31.699999999999996,Churned
16850,31.6,Churned,31.6,Churned
13280,31.5,Churned,31.5,Churned
14311,31.220000000000002,Churned,31.220000000000002,Churned
17187,30.9,Churned,30.9,Churned
16274,30.8,Churned,30.8,Churned
12944,30.6,Churned,30.6,Churned
14932,30.599999999999998,Churned,30.599999999999998,Churned
16947,30.599999999999998,Churned,30.599999999999998,Churned
17431,30.599999999999998,Churned,30.599999999999998,Churned
15265,30.5,Churned,30.5,Churned
15386,30.36,Churned,30.36,Churned
16098,30.3,Churned,30.3,Churned
14066,30.299999999999997,Churned,30.299999999999997,Churned
14450,30.25,Churned,30.25,Churned
13005,30.15,Churned,30.15,Churned
13762,30.0,Churned,30.0,Churned
13800,30.0,Churned,30.0,Churned
13922,30.0,Churned,30.0,Churned
16184,30.0,Churned,30.0,Churned
16567,30.0,Churned,30.0,Churned
16825,30.0,Churned,30.0,Churned
17718,30.0,Churned,30.0,Churned
17980,30.0,Churned,30.0,Churned
13369,29.979999999999997,Churned,29.979999999999997,Churned
14023,29.979999999999997,Churned,29.979999999999997,Churned
16072,29.95,Churned,29.95,Churned
14496,29.9,Churned,29.9,Churned
13385,29.85,Churned,29.85,Churned
15258,29.85,Churned,29.85,Churned
17970,29.75,Churned,29.75,Churned
12489,29.700000000000003,Churned,29.700000000000003,Churned
16643,29.700000000000003,Churned,29.700000000000003,Churned
15333,28.950000000000003,Churned,28.950000000000003,Churned
13831,28.4,Churned,28.4,Churned
12561,27.900000000000002,Churned,27.900000000000002,Churned
16475,27.900000000000002,Churned,27.900000000000002,Churned
16099,27.3,Churned,27.3,Churned
17507,26.45,Churned,26.45,Churned
16084,26.35,Churned,26.35,Churned
18114,26.25,Churned,26.25,Churned
12622,25.5,Churned,25.5,Churned
12815,25.5,Churned,25.5,Churned
13292,25.5,Churned,25.5,Churned
14242,25.5,Churned,25.5,Churned
14413,25.5,Churned,25.5,Churned
15319,25.5,Churned,25.5,Churned
16644,25.5,Churned,25.5,Churned
18227,25.5,Churned,25.5,Churned
15643,25.25,Churned,25.25,Churned
14782,25.200000000000003,Churned,25.200000000000003,Churned
16584,25.200000000000003,Churned,25.200000000000003,Churned
17138,25.2,Churned,25.2,Churned
15891,25.08,Churned,25.08,Churned
12987,25.0,Churned,25.0,Churned
12450,24.96,Churned,24.96,Churned
14441,24.96,Churned,24.96,Churned
12988,24.75,Churned,24.75,Churned
16232,24.75,Churned,24.75,Churned
17955,24.75,Churned,24.75,Churned
14256,24.650000000000002,Churned,24.650000000000002,Churned
14976,24.6,Churned,24.6,Churned
13936,24.48,Churned,24.48,Churned
13745,24.3,Churned,24.3,Churned
16943,23.8,Churned,23.8,Churned
16769,23.65,Churned,23.65,Churned
15508,23.6,Churned,23.6,Churned
17618,23.5,Churned,23.5,Churned
14981,23.46,Churned,23.46,Churned
15703,23.4,Churned,23.4,Churned
15224,23.25,Churned,23.25,Churned
17860,23.130000000000003,Churned,23.130000000000003,Churned
12793,23.099999999999998,Churned,23.099999999999998,Churned
17967,22.849999999999998,Churned,22.849999999999998,Churned
13166,22.800000000000004,Churned,22.800000000000004,Churned
12707,22.8,Churned,22.8,Churned
16473,22.5,Churned,22.5,Churned
14818,22.450000000000003,Churned,22.450000000000003,Churned
15019,22.16,Churned,22.16,Churned
16022,21.83,Churned,21.83,Churned
17075,21.8,Churned,21.8,Churned
17516,21.35,Churned,21.35,Churned
14128,21.0,Churned,21.0,Churned
17334,21.0,Churned,21.0,Churned
14046,20.88,Churned,20.88,Churned
14745,20.8,Churned,20.8,Churned
15732,20.8,Churned,20.8,Churned
14693,20.65,Churned,20.65,Churned
12624,20.4,Churned,20.4,Churned
13439,20.4,Churned,20.4,Churned
14421,20.4,Churned,20.4,Churned
14905,20.4,Churned,20.4,Churned
15869,20.4,Churned,20.4,Churned
16239,20.4,Churned,20.4,Churned
17749,20.4,Churned,20.4,Churned
18056,20.4,Churned,20.4,Churned
12763,20.28,Churned,20.28,Churned
16270,20.28,Churned,20.28,Churned
16427,20.28,Churned,20.28,Churned
13474,20.2,Churned,20.2,Churned
13121,20.1,Churned,20.1,Churned
18269,20.1,Churned,20.1,Churned
12735,19.9,Churned,19.9,Churned
14600,19.9,Churned,19.9,Churned
14633,19.9,Churned,19.9,Churned
12881,19.8,Churned,19.8,Churned
13725,19.8,Churned,19.8,Churned
15092,19.8,Churned,19.8,Churned
16092,19.8,Churned,19.8,Churned
17732,19.8,Churned,19.8,Churned
12394,19.799999999999997,Churned,19.799999999999997,Churned
12426,19.799999999999997,Churned,19.799999999999997,Churned
13035,19.799999999999997,Churned,19.799999999999997,Churned
13398,19.799999999999997,Churned,19.799999999999997,Churned
13485,19.799999999999997,Churned,19.799999999999997,Churned
14338,19.799999999999997,Churned,19.799999999999997,Churned
14829,19.799999999999997,Churned,19.799999999999997,Churned
15381,19.799999999999997,Churned,19.799999999999997,Churned
15768,19.799999999999997,Churned,19.799999999999997,Churned
16287,19.799999999999997,Churned,19.799999999999997,Churned
17698,19.799999999999997,Churned,19.799999999999997,Churned
17932,19.799999999999997,Churned,19.799999999999997,Churned
16838,19.740000000000002,Churned,19.740000000000002,Churned
12447,19.5,Churned,19.5,Churned
13339,19.46,Churned,19.46,Churned
15406,19.4,Churned,19.4,Churned
18072,18.96,Churned,18.96,Churned
18009,18.95,Churned,18.95,Churned
14997,18.72,Churned,18.72,Churned
16354,18.0,Churned,18.0,Churned
13291,17.92,Churned,17.92,Churned
13411,17.700000000000003,Churned,17.700000000000003,Churned
13539,17.700000000000003,Churned,17.700000000000003,Churned
14824,17.700000000000003,Churned,17.700000000000003,Churned
16451,17.700000000000003,Churned,17.700000000000003,Churned
16340,17.61,Churned,17.61,Churned
12750,17.4,Churned,17.4,Churned
13877,17.4,Churned,17.4,Churned
13933,17.4,Churned,17.4,Churned
15734,17.4,Churned,17.4,Churned
16149,17.4,Churned,17.4,Churned
18261,17.4,Churned,17.4,Churned
13351,17.34,Churned,17.34,Churned
14538,17.34,Churned,17.34,Churned
16233,17.34,Churned,17.34,Churned
15675,16.95,Churned,16.95,Churned
15866,16.95,Churned,16.95,Churned
16690,16.95,Churned,16.95,Churned
13529,16.6,Churned,16.6,Churned
13774,16.6,Churned,16.6,Churned
13979,16.6,Churned,16.6,Churned
15215,16.6,Churned,16.6,Churned
12422,16.5,Churned,16.5,Churned
13061,16.5,Churned,16.5,Churned
13355,16.5,Churned,16.5,Churned
14005,16.5,Churned,16.5,Churned
14264,16.5,Churned,16.5,Churned
15088,16.5,Churned,16.5,Churned
15565,16.5,Churned,16.5,Churned
18177,16.5,Churned,16.5,Churned
13126,16.32,Churned,16.32,Churned
13244,16.15,Churned,16.15,Churned
15396,15.9,Churned,15.9,Churned
15623,15.9,Churned,15.9,Churned
14002,15.8,Churned,15.8,Churned
16404,15.600000000000001,Churned,15.600000000000001,Churned
13425,15.6,Churned,15.6,Churned
14400,15.6,Churned,15.6,Churned
13116,15.54,Churned,15.54,Churned
14171,15.45,Churned,15.45,Churned
13372,15.299999999999999,Churned,15.299999999999999,Churned
13575,15.299999999999999,Churned,15.299999999999999,Churned
14020,15.299999999999999,Churned,15.299999999999999,Churned
14273,15.299999999999999,Churned,15.299999999999999,Churned
15839,15.299999999999999,Churned,15.299999999999999,Churned
15175,15.2,Churned,15.2,Churned
13410,15.12,Churned,15.12,Churned
13177,15.0,Churned,15.0,Churned
13307,15.0,Churned,15.0,Churned
14109,15.0,Churned,15.0,Churned
14143,15.0,Churned,15.0,Churned
14847,15.0,Churned,15.0,Churned
14880,15.0,Churned,15.0,Churned
15075,15.0,Churned,15.0,Churned
15289,15.0,Churned,15.0,Churned
15380,15.0,Churned,15.0,Churned
15885,15.0,Churned,15.0,Churned
15949,15.0,Churned,15.0,Churned
16102,15.0,Churned,15.0,Churned
16181,15.0,Churned,15.0,Churned
16325,15.0,Churned,15.0,Churned
16359,15.0,Churned,15.0,Churned
16613,15.0,Churned,15.0,Churned
16747,15.0,Churned,15.0,Churned
17433,15.0,Churned,15.0,Churned
17483,15.0,Churned,15.0,Churned
17505,15.0,Churned,15.0,Churned
17887,15.0,Churned,15.0,Churned
18143,14.940000000000001,Churned,14.940000000000001,Churned
15472,14.91,Churned,14.91,Churned
13127,14.850000000000001,Churned,14.850000000000001,Churned
13519,14.850000000000001,Churned,14.850000000000001,Churned
13850,14.850000000000001,Churned,14.850000000000001,Churned
15937,14.850000000000001,Churned,14.850000000000001,Churned
18242,14.850000000000001,Churned,14.850000000000001,Churned
14100,14.2,Churned,14.2,Churned
15541,13.850000000000001,Churned,13.850000000000001,Churned
15198,13.52,Churned,13.52,Churned
18282,13.5,Churned,13.5,Churned
15099,13.3,Churned,13.3,Churned
13336,13.200000000000001,Churned,13.200000000000001,Churned
18146,13.200000000000001,Churned,13.200000000000001,Churned
17045,13.14,Churned,13.14,Churned
14557,13.0,Churned,13.0,Churned
12833,12.75,Churned,12.75,Churned
13045,12.600000000000001,Churned,12.600000000000001,Churned
13483,12.600000000000001,Churned,12.600000000000001,Churned
15366,12.600000000000001,Churned,12.600000000000001,Churned
18167,12.600000000000001,Churned,12.600000000000001,Churned
13792,12.5,Churned,12.5,Churned
16557,12.5,Churned,12.5,Churned
18151,12.48,Churned,12.48,Churned
16594,12.03,Churned,12.03,Churned
15438,11.8,Churned,11.8,Churned
18262,11.7,Churned,11.7,Churned
14772,11.5,Churned,11.5,Churned
14652,11.379999999999999,Churned,11.379999999999999,Churned
14722,11.350000000000001,Churned,11.350000000000001,Churned
14540,10.9,Churned,10.9,Churned
13450,10.5,Churned,10.5,Churned
15120,10.5,Churned,10.5,Churned
14508,10.33,Churned,10.33,Churned
12519,10.2,Churned,10.2,Churned
13939,10.2,Churned,10.2,Churned
15243,10.2,Churned,10.2,Churned
15467,10.2,Churned,10.2,Churned
17480,10.2,Churned,10.2,Churned
18053,10.2,Churned,10.2,Churned
12718,10.08,Churned,10.08,Churned
13104,10.08,Churned,10.08,Churned
14775,10.08,Churned,10.08,Churned
15185,10.08,Churned,10.08,Churned
16637,10.08,Churned,10.08,Churned
12703,10.0,Churned,10.0,Churned
16211,10.0,Churned,10.0,Churned
17388,10.0,Churned,10.0,Churned
12644,9.959999999999999,Churned,9.959999999999999,Churned
15475,9.959999999999999,Churned,9.959999999999999,Churned
13486,9.899999999999999,Churned,9.899999999999999,Churned
15746,9.75,Churned,9.75,Churned
14108,9.48,Churned,9.48,Churned
16715,9.48,Churned,9.48,Churned
13189,9.36,Churned,9.36,Churned
13419,9.36,Churned,9.36,Churned
12375,8.5,Churned,8.5,Churned
17888,8.5,Churned,8.5,Churned
13667,8.27,Churned,8.27,Churned
18033,8.15,Churned,8.15,Churned
17298,7.9,Churned,7.9,Churned
17957,7.7,Churned,7.7,Churned
17660,7.62,Churned,7.62,Churned
17984,7.62,Churned,7.62,Churned
16485,7.529999999999999,Churned,7.529999999999999,Churned
15690,7.08,Churned,7.08,Churned
16527,6.8,Churned,6.8,Churned
12694,6.64,Churned,6.64,Churned
13211,6.64,Churned,6.64,Churned
15276,6.35,Churned,6.35,Churned
16400,6.300000000000001,Churned,6.300000000000001,Churned
14690,6.25,Churned,6.25,Churned
16629,5.95,Churned,5.95,Churned
13884,5.8,Churned,5.8,Churned
16706,5.369999999999999,Churned,5.369999999999999,Churned
12492,5.04,Churned,5.04,Churned
13621,5.04,Churned,5.04,Churned
16650,5.04,Churned,5.04,Churned
17333,5.04,Churned,5.04,Churned
14972,4.95,Churned,4.95,Churned
16205,4.949999999999999,Churned,4.949999999999999,Churned
12461,4.68,Churned,4.68,Churned
14790,4.68,Churned,4.68,Churned
17892,4.25,Churned,4.25,Churned
15466,4.15,Churned,4.15,Churned
17564,3.95,Churned,3.95,Churned
16447,3.9,Churned,3.9,Churned
18099,3.4799999999999995,Churned,3.4799999999999995,Churned
17781,2.95,Churned,2.95,Churned
18101,2.95,Churned,2.95,Churned
15402,2.5,Churned,2.5,Churned
17962,2.4499999999999997,Churned,2.4499999999999997,Churned
15325,2.1,Churned,2.1,Churned
15577,2.08,Churned,2.08,Churned
12851,1.77,Churned,1.77,Churned
14076,1.67,Churned,1.67,Churned
18200,1.66,Churned,1.66,Churned
12942,1.65,Churned,1.65,Churned
14552,1.65,Churned,1.65,Churned
15035,1.65,Churned,1.65,Churned
17899,1.65,Churned,1.65,Churned
14518,1.25,Churned,1.25,Churned
13833,0.95,Churned,0.95,Churned
16009,0.85,Churned,0.85,Churned
18008,0.84,Churned,0.84,Churned
12977,0.65,Churned,0.65,Churned
17783,0.65,Churned,0.65,Churned
18024,0.59,Churned,0.59,Churned
17248,0.58,Churned,0.58,Churned
16272,0.55,Churned,0.55,Churned
17939,0.39,Churned,0.39,Churned
15579,18.4,Churned,18.4,Churned
15700,18.299999999999997,Churned,18.299999999999997,Churned
14350,17.88,Churned,17.88,Churned
17146,17.85,Churned,17.85,Churned
12565,17.700000000000003,Churned,17.700000000000003,Churned
12591,17.700000000000003,Churned,17.700000000000003,Churned
12945,17.700000000000003,Churned,17.700000000000003,Churned
13299,17.700000000000003,Churned,17.700000000000003,Churned
13370,17.700000000000003,Churned,17.700000000000003,Churned
14142,17.700000000000003,Churned,17.700000000000003,Churned
14431,17.700000000000003,Churned,17.700000000000003,Churned
14636,17.700000000000003,Churned,17.700000000000003,Churned
14886,17.700000000000003,Churned,17.700000000000003,Churned
14924,17.700000000000003,Churned,17.700000000000003,Churned
15107,17.700000000000003,Churned,17.700000000000003,Churned
15262,17.700000000000003,Churned,17.700000000000003,Churned
15304,17.700000000000003,Churned,17.700000000000003,Churned
16135,17.700000000000003,Churned,17.700000000000003,Churned
16297,17.700000000000003,Churned,17.700000000000003,Churned
16484,17.700000000000003,Churned,17.700000000000003,Churned
17134,17.700000000000003,Churned,17.700000000000003,Churned
17678,17.700000000000003,Churned,17.700000000000003,Churned
18074,17.700000000000003,Churned,17.700000000000003,Churned
18190,17.700000000000003,Churned,17.700000000000003,Churned
13863,17.4,Churned,17.4,Churned
14837,17.4,Churned,17.4,Churned
15133,17.4,Churned,17.4,Churned
16048,17.4,Churned,17.4,Churned
18129,17.4,Churned,17.4,Churned
18213,17.4,Churned,17.4,Churned
12614,17.0,Churned,17.0,Churned
14439,17.0,Churned,17.0,Churned
15016,17.0,Churned,17.0,Churned
13737,16.8,Churned,16.8,Churned
18062,16.8,Churned,16.8,Churned
18108,16.8,Churned,16.8,Churned
15543,16.75,Churned,16.75,Churned
15921,16.6,Churned,16.6,Churned
12424,16.5,Churned,16.5,Churned
12785,16.5,Churned,16.5,Churned
12831,16.5,Churned,16.5,Churned
13345,16.5,Churned,16.5,Churned
13492,16.5,Churned,16.5,Churned
13618,16.5,Churned,16.5,Churned
14201,16.5,Churned,16.5,Churned
14489,16.5,Churned,16.5,Churned
16230,16.5,Churned,16.5,Churned
17042,16.5,Churned,16.5,Churned
17325,16.5,Churned,16.5,Churned
17855,16.5,Churned,16.5,Churned
18218,16.5,Churned,16.5,Churned
17550,16.45,Churned,16.45,Churned
14130,16.15,Churned,16.15,Churned
12652,15.9,Churned,15.9,Churned
12974,15.9,Churned,15.9,Churned
15165,15.9,Churned,15.9,Churned
15799,15.9,Churned,15.9,Churned
16055,15.9,Churned,15.9,Churned
16275,15.9,Churned,15.9,Churned
16835,15.9,Churned,15.9,Churned
16926,15.9,Churned,15.9,Churned
18095,15.600000000000001,Churned,15.600000000000001,Churned
17960,15.490000000000002,Churned,15.490000000000002,Churned
12816,15.299999999999999,Churned,15.299999999999999,Churned
13248,15.299999999999999,Churned,15.299999999999999,Churned
13453,15.299999999999999,Churned,15.299999999999999,Churned
13750,15.299999999999999,Churned,15.299999999999999,Churned
15512,15.299999999999999,Churned,15.299999999999999,Churned
15550,15.299999999999999,Churned,15.299999999999999,Churned
15925,15.299999999999999,Churned,15.299999999999999,Churned
18183,15.299999999999999,Churned,15.299999999999999,Churned
12410,15.0,Churned,15.0,Churned
12574,15.0,Churned,15.0,Churned
12792,15.0,Churned,15.0,Churned
12797,15.0,Churned,15.0,Churned
12871,15.0,Churned,15.0,Churned
12902,15.0,Churned,15.0,Churned
13008,15.0,Churned,15.0,Churned
13044,15.0,Churned,15.0,Churned
13479,15.0,Churned,15.0,Churned
13512,15.0,Churned,15.0,Churned
13753,15.0,Churned,15.0,Churned
13932,15.0,Churned,15.0,Churned
13934,15.0,Churned,15.0,Churned
13976,15.0,Churned,15.0,Churned
14210,15.0,Churned,15.0,Churned
14248,15.0,Churned,15.0,Churned
14727,15.0,Churned,15.0,Churned
14920,15.0,Churned,15.0,Churned
15109,15.0,Churned,15.0,Churned
15147,15.0,Churned,15.0,Churned
15660,15.0,Churned,15.0,Churned
15712,15.0,Churned,15.0,Churned
16030,15.0,Churned,15.0,Churned
16159,15.0,Churned,15.0,Churned
16449,15.0,Churned,15.0,Churned
16457,15.0,Churned,15.0,Churned
16587,15.0,Churned,15.0,Churned
16619,15.0,Churned,15.0,Churned
16824,15.0,Churned,15.0,Churned
17489,15.0,Churned,15.0,Churned
17527,15.0,Churned,15.0,Churned
18040,15.0,Churned,15.0,Churned
12929,14.95,Churned,14.95,Churned
14220,14.850000000000001,Churned,14.850000000000001,Churned
14551,14.850000000000001,Churned,14.850000000000001,Churned
16774,14.850000000000001,Churned,14.850000000000001,Churned
17438,14.850000000000001,Churned,14.850000000000001,Churned
17556,14.850000000000001,Churned,14.850000000000001,Churned
14549,14.8,Churned,14.8,Churned
16057,14.75,Churned,14.75,Churned
17252,14.75,Churned,14.75,Churned
14375,14.51,Churned,14.51,Churned
13606,13.95,Churned,13.95,Churned
14022,13.919999999999998,Churned,13.919999999999998,Churned
16823,13.55,Churned,13.55,Churned
15210,13.52,Churned,13.52,Churned
17035,13.52,Churned,13.52,Churned
17140,13.52,Churned,13.52,Churned
13584,13.5,Churned,13.5,Churned
15132,13.5,Churned,13.5,Churned
16795,13.399999999999999,Churned,13.399999999999999,Churned
14393,13.3,Churned,13.3,Churned
12738,13.200000000000001,Churned,13.200000000000001,Churned
14241,13.200000000000001,Churned,13.200000000000001,Churned
15139,13.200000000000001,Churned,13.200000000000001,Churned
17664,13.200000000000001,Churned,13.200000000000001,Churned
16634,13.0,Churned,13.0,Churned
14964,12.899999999999999,Churned,12.899999999999999,Churned
14647,12.88,Churned,12.88,Churned
15780,12.75,Churned,12.75,Churned
15917,12.75,Churned,12.75,Churned
17117,12.75,Churned,12.75,Churned
14304,12.600000000000001,Churned,12.600000000000001,Churned
15646,12.600000000000001,Churned,12.600000000000001,Churned
15777,12.600000000000001,Churned,12.600000000000001,Churned
15840,12.600000000000001,Churned,12.600000000000001,Churned
16955,12.600000000000001,Churned,12.600000000000001,Churned
15976,12.58,Churned,12.58,Churned
12551,12.5,Churned,12.5,Churned
15456,12.100000000000001,Churned,12.100000000000001,Churned
14729,12.05,Churned,12.05,Churned
13187,11.9,Churned,11.9,Churned
17969,11.9,Churned,11.9,Churned
14697,11.889999999999999,Churned,11.889999999999999,Churned
14077,11.849999999999998,Churned,11.849999999999998,Churned
15412,11.8,Churned,11.8,Churned
14891,11.7,Churned,11.7,Churned
15081,11.399999999999999,Churned,11.399999999999999,Churned
17522,11.28,Churned,11.28,Churned
16117,10.75,Churned,10.75,Churned
17913,10.6,Churned,10.6,Churned
13557,10.5,Churned,10.5,Churned
15143,10.5,Churned,10.5,Churned
15146,10.5,Churned,10.5,Churned
16317,10.5,Churned,10.5,Churned
16320,10.5,Churned,10.5,Churned
17930,10.5,Churned,10.5,Churned
13568,10.45,Churned,10.45,Churned
12596,10.2,Churned,10.2,Churned
13615,10.2,Churned,10.2,Churned
13712,10.2,Churned,10.2,Churned
15213,10.2,Churned,10.2,Churned
15230,10.2,Churned,10.2,Churned
15607,10.2,Churned,10.2,Churned
16116,10.2,Churned,10.2,Churned
16193,10.2,Churned,10.2,Churned
16306,10.2,Churned,10.2,Churned
16780,10.2,Churned,10.2,Churned
16810,10.2,Churned,10.2,Churned
17456,10.2,Churned,10.2,Churned
18093,10.2,Churned,10.2,Churned
18176,10.2,Churned,10.2,Churned
13740,10.08,Churned,10.08,Churned
15806,10.08,Churned,10.08,Churned
13002,9.95,Churned,9.95,Churned
16212,9.95,Churned,9.95,Churned
13865,9.9,Churned,9.9,Churned
14162,9.9,Churned,9.9,Churned
15825,9.9,Churned,9.9,Churned
17854,9.9,Churned,9.9,Churned
18138,9.9,Churned,9.9,Churned
16718,9.899999999999999,Churned,9.899999999999999,Churned
18071,9.899999999999999,Churned,9.899999999999999,Churned
15894,9.6,Churned,9.6,Churned
15026,9.45,Churned,9.45,Churned
14476,9.2,Churned,9.2,Churned
17580,9.2,Churned,9.2,Churned
13138,9.0,Churned,9.0,Churned
13494,9.0,Churned,9.0,Churned
14048,8.97,Churned,8.97,Churned
16893,8.95,Churned,8.95,Churned
18004,8.95,Churned,8.95,Churned
15723,8.9,Churned,8.9,Churned
16792,8.879999999999999,Churned,8.879999999999999,Churned
13859,8.850000000000001,Churned,8.850000000000001,Churned
17848,8.850000000000001,Churned,8.850000000000001,Churned
12468,8.5,Churned,8.5,Churned
13686,8.5,Churned,8.5,Churned
14167,8.5,Churned,8.5,Churned
14536,8.5,Churned,8.5,Churned
16112,8.5,Churned,8.5,Churned
16392,8.5,Churned,8.5,Churned
17128,8.5,Churned,8.5,Churned
17508,8.5,Churned,8.5,Churned
17542,8.5,Churned,8.5,Churned
17946,8.5,Churned,8.5,Churned
13781,8.41,Churned,8.41,Churned
13226,8.4,Churned,8.4,Churned
14813,8.4,Churned,8.4,Churned
15820,8.25,Churned,8.25,Churned
16006,8.25,Churned,8.25,Churned
15452,7.99,Churned,7.99,Churned
16282,7.95,Churned,7.95,Churned
17329,7.95,Churned,7.95,Churned
14470,7.9,Churned,7.9,Churned
12651,7.800000000000001,Churned,7.800000000000001,Churned
13080,7.800000000000001,Churned,7.800000000000001,Churned
14245,7.800000000000001,Churned,7.800000000000001,Churned
17226,7.6499999999999995,Churned,7.6499999999999995,Churned
17375,7.6499999999999995,Churned,7.6499999999999995,Churned
15503,7.54,Churned,7.54,Churned
15454,7.5,Churned,7.5,Churned
17217,7.5,Churned,7.5,Churned
16402,7.45,Churned,7.45,Churned
15408,7.2,Churned,7.2,Churned
17968,7.1,Churned,7.1,Churned
12872,7.05,Churned,7.05,Churned
15167,7.05,Churned,7.05,Churned
17889,6.95,Churned,6.95,Churned
17874,6.7,Churned,6.7,Churned
15460,6.55,Churned,6.55,Churned
13656,6.4,Churned,6.4,Churned
16483,6.300000000000001,Churned,6.300000000000001,Churned
17891,6.29,Churned,6.29,Churned
16448,6.25,Churned,6.25,Churned
15507,6.1899999999999995,Churned,6.1899999999999995,Churned
15437,5.9,Churned,5.9,Churned
16721,5.9,Churned,5.9,Churned
16897,5.9,Churned,5.9,Churned
17789,5.9,Churned,5.9,Churned
18078,5.9,Churned,5.9,Churned
14555,5.8,Churned,5.8,Churned
16208,5.4,Churned,5.4,Churned
14165,5.1,Churned,5.1,Churned
15831,5.1,Churned,5.1,Churned
16727,5.1,Churned,5.1,Churned
12365,5.04,Churned,5.04,Churned
13122,5.04,Churned,5.04,Churned
14643,5.04,Churned,5.04,Churned
15585,5.04,Churned,5.04,Churned
16757,5.04,Churned,5.04,Churned
17619,5.02,Churned,5.02,Churned
13666,4.95,Churned,4.95,Churned
14543,4.95,Churned,4.95,Churned
17251,4.95,Churned,4.95,Churned
17972,4.95,Churned,4.95,Churned
14247,4.949999999999999,Churned,4.949999999999999,Churned
16461,4.949999999999999,Churned,4.949999999999999,Churned
16647,4.68,Churned,4.68,Churned
16023,4.47,Churned,4.47,Churned
12733,4.35,Churned,4.35,Churned
13809,4.25,Churned,4.25,Churned
14803,4.25,Churned,4.25,Churned
17259,4.2,Churned,4.2,Churned
14513,3.95,Churned,3.95,Churned
12837,3.9,Churned,3.9,Churned
14957,3.9,Churned,3.9,Churned
17051,3.9,Churned,3.9,Churned
14037,3.8,Churned,3.8,Churned
14082,3.75,Churned,3.75,Churned
15292,3.75,Churned,3.75,Churned
16339,3.75,Churned,3.75,Churned
17551,3.75,Churned,3.75,Churned
17569,3.75,Churned,3.75,Churned
17928,3.75,Churned,3.75,Churned
13708,3.45,Churned,3.45,Churned
17362,3.4,Churned,3.4,Churned
17303,3.34,Churned,3.34,Churned
14823,2.95,Churned,2.95,Churned
15052,2.95,Churned,2.95,Churned
16113,2.95,Churned,2.95,Churned
18212,2.95,Churned,2.95,Churned
17871,2.88,Churned,2.88,Churned
12754,2.67,Churned,2.67,Churned
13220,2.1,Churned,2.1,Churned
17601,2.1,Churned,2.1,Churned
17877,2.1,Churned,2.1,Churned
18037,2.1,Churned,2.1,Churned
15897,2.08,Churned,2.08,Churned
15041,2.07,Churned,2.07,Churned
14104,1.65,Churned,1.65,Churned
17654,1.65,Churned,1.65,Churned
18011,1.65,Churned,1.65,Churned
16247,1.45,Churned,1.45,Churned
17250,1.3,Churned,1.3,Churned
12506,1.25,Churned,1.25,Churned
14522,1.25,Churned,1.25,Churned
14570,0.85,Churned,0.85,Churned
15578,0.55,Churned,0.55,Churned
17816,0.5,Churned,0.5,Churned
